Date,High,Low,Open,Close,Volume,Adj Close
2017-09-05,1.049428105354309,1.0442992448806763,1.0485697984695435,1.0488777160644531,0.0,1.0488777160644531
2017-09-06,1.0531858205795288,1.0451942682266235,1.0462549924850464,1.0464520454406738,0.0,1.0464520454406738
2017-09-07,1.0613795518875122,1.0526316165924072,1.0532081127166748,1.0531970262527466,0.0,1.0531970262527466
2017-09-10,1.055297613143921,1.0487017631530762,1.0551416873931885,1.0553309917449951,0.0,1.0553309917449951
2017-09-11,1.0474165678024292,1.0400848388671875,1.0457515716552734,1.0457844734191895,0.0,1.0457844734191895
2017-09-12,1.043514609336853,1.0364842414855957,1.0418294668197632,1.0418837070465088,0.0,1.0418837070465088
2017-09-13,1.0397928953170776,1.0311830043792725,1.0378073453903198,1.037710428237915,0.0,1.037710428237915
2017-09-14,1.045369029045105,1.0367528200149536,1.0402255058288574,1.0401281118392944,0.0,1.0401281118392944
2017-09-17,1.0437324047088623,1.0382705926895142,1.0410159826278687,1.0407668352127075,0.0,1.0407668352127075
2017-09-18,1.0423181056976318,1.0370969772338867,1.0400091409683228,1.0401389598846436,0.0,1.0401389598846436
2017-09-19,1.0423181056976318,1.0382598638534546,1.0389286279678345,1.0389394760131836,0.0,1.0389394760131836
2017-09-20,1.0325244665145874,1.0259567499160767,1.0294950008392334,1.0292831659317017,0.0,1.0292831659317017
2017-09-21,1.0343401432037354,1.0302162170410156,1.030630350112915,1.0307153463363647,0.0,1.0307153463363647
2017-09-24,1.0332820415496826,1.0263041257858276,1.0300782918930054,1.0301949977874756,0.0,1.0301949977874756
2017-09-25,1.0359902381896973,1.0283410549163818,1.034896731376648,1.0348752737045288,0.0,1.0348752737045288
2017-09-26,1.0316723585128784,1.0236986875534058,1.031395673751831,1.0316723585128784,0.0,1.0316723585128784
2017-09-27,1.0304709672927856,1.0248842239379883,1.0290288925170898,1.0289653539657593,0.0,1.0289653539657593
2017-09-28,1.0340405702590942,1.0260725021362305,1.0301843881607056,1.0303118228912354,0.0,1.0303118228912354
2017-10-01,1.0330578088760376,1.0260725021362305,1.032652497291565,1.0329511165618896,0.0,1.0329511165618896
2017-10-02,1.0280661582946777,1.0218888521194458,1.0262199640274048,1.0262936353683472,0.0,1.0262936353683472
2017-10-03,1.029866099357605,1.0246846675872803,1.0276330709457397,1.0276013612747192,0.0,1.0276013612747192
2017-10-04,1.0265886783599854,1.0209811925888062,1.025430679321289,1.025430679321289,0.0,1.025430679321289
2017-10-05,1.0234366655349731,1.0169318914413452,1.0221604108810425,1.02228581905365,0.0,1.02228581905365
2017-10-08,1.0232272148132324,1.0198981761932373,1.0226621627807617,1.022599458694458,0.0,1.022599458694458
2017-10-09,1.0273269414901733,1.0205748081207275,1.0205748081207275,1.0209290981292725,0.0,1.0209290981292725
2017-10-10,1.0292301177978516,1.0239607095718384,1.0259883403778076,1.026093602180481,0.0,1.026093602180481
2017-10-11,1.029866099357605,1.0243382453918457,1.0277175903320312,1.0276330709457397,0.0,1.0276330709457397
2017-10-12,1.0302162170410156,1.0235414505004883,1.0256515741348267,1.0258514881134033,0.0,1.0258514881134033
2017-10-15,1.0276752710342407,1.023740530014038,1.026082992553711,1.0261883735656738,0.0,1.0261883735656738
2017-10-16,1.0253045558929443,1.019565463066101,1.0253045558929443,1.0255358219146729,0.0,1.0255358219146729
2017-10-17,1.0232272148132324,1.0170663595199585,1.0227144956588745,1.0226099491119385,0.0,1.0226099491119385
2017-10-18,1.0272213220596313,1.0192433595657349,1.0192744731903076,1.0193055868148804,0.0,1.0193055868148804
2017-10-19,1.024947166442871,1.015568733215332,1.024579644203186,1.0243277549743652,0.0,1.0243277549743652
2017-10-22,1.0172940492630005,1.0120433568954468,1.0146104097366333,1.0141370296478271,0.0,1.0141370296478271
2017-10-23,1.0165700912475586,1.0100499391555786,1.0159504413604736,1.0157440900802612,0.0,1.0157440900802612
2017-10-24,1.0118896961212158,1.006137490272522,1.00922429561615,1.0094891786575317,0.0,1.0094891786575317
2017-10-25,1.012555718421936,1.0032304525375366,1.0114495754241943,1.0113472938537598,0.0,1.0113472938537598
2017-10-26,1.0025062561035156,0.9970288872718811,1.0022048950195312,1.0019336938858032,0.0,1.0019336938858032
2017-10-30,1.0035324096679688,1.0004302263259888,1.0020341873168945,1.0020140409469604,0.0,1.0020140409469604
2017-10-31,1.0053281784057617,1.0006604194641113,1.0050150156021118,1.0053080320358276,0.0,1.0053080320358276
2017-11-01,1.0024157762527466,0.9975759387016296,1.0023354291915894,1.002606749534607,0.0,1.002606749534607
2017-11-02,1.0050655603408813,0.9975858926773071,0.9975858926773071,0.9974465370178223,0.0,0.9974465370178223
2017-11-03,1.0041773319244385,0.9977251887321472,1.0007505416870117,1.0007405281066895,0.0,1.0007405281066895
2017-11-06,1.0017831325531006,0.9971482157707214,0.9996901750564575,0.9998000264167786,0.0,0.9998000264167786
2017-11-07,1.002807855606079,0.9981334805488586,1.002606749534607,1.002305269241333,0.0,1.002305269241333
2017-11-08,1.001923680305481,0.9994902610778809,1.001923680305481,1.0018032789230347,0.0,1.0018032789230347
2017-11-09,1.0055910348892212,0.9983627200126648,1.0001699924468994,1.0002000331878662,0.0,1.0002000331878662
2017-11-10,1.0075465440750122,1.0032504796981812,1.005995750427246,1.0061476230621338,0.0,1.0061476230621338
2017-11-13,1.0064412355422974,1.0015122890472412,1.0035223960876465,1.003612995147705,0.0,1.003612995147705
2017-11-14,1.0095911026000977,1.0030090808868408,1.0035425424575806,1.0036734342575073,0.0,1.0036734342575073
2017-11-15,1.0155171155929565,1.0090919733047485,1.0104479789733887,1.0105910301208496,0.0,1.0105910301208496
2017-11-17,1.0119510889053345,1.006522297859192,1.006522297859192,1.006522297859192,0.0,1.006522297859192
2017-11-20,1.0123506784439087,1.0075769424438477,1.01045823097229,1.0105092525482178,0.0,1.0105092525482178
2017-11-21,1.0102030038833618,1.005500078201294,1.0069377422332764,1.0069479942321777,0.0,1.0069479942321777
2017-11-22,1.0179153680801392,1.0090410709381104,1.0094891786575317,1.0094891786575317,0.0,1.0094891786575317
2017-11-23,1.0209394693374634,1.0176563262939453,1.0182262659072876,1.0182366371154785,0.0,1.0182366371154785
2017-11-24,1.0218679904937744,1.0177184343338013,1.018672227859497,1.0187760591506958,0.0,1.0187760591506958
2017-11-27,1.022704005241394,1.0186100006103516,1.020106315612793,1.0200958251953125,0.0,1.0200958251953125
2017-11-28,1.0201791524887085,1.0156408548355103,1.0189213752746582,1.0190563201904297,0.0,1.0190563201904297
2017-11-29,1.0183818340301514,1.0132944583892822,1.0163325071334839,1.0161569118499756,0.0,1.0161569118499756
2017-11-30,1.0186514854431152,1.0120331048965454,1.0156099796295166,1.0157955884933472,0.0,1.0157955884933472
2017-12-01,1.0261672735214233,1.0132739543914795,1.016518473625183,1.016466736793518,0.0,1.016466736793518
2017-12-04,1.0192641019821167,1.0145074129104614,1.0179463624954224,1.018298864364624,0.0,1.018298864364624
2017-12-05,1.0166734457015991,1.0123506784439087,1.0156408548355103,1.0156408548355103,0.0,1.0156408548355103
2017-12-06,1.0147134065628052,1.0092650651931763,1.012637734413147,1.0127607583999634,0.0,1.0127607583999634
2017-12-07,1.0111223459243774,1.0062285661697388,1.010672688484192,1.0108973979949951,0.0,1.0108973979949951
2017-12-08,1.0074856281280518,1.0022952556610107,1.0054292678833008,1.00531804561615,0.0,1.00531804561615
2017-12-11,1.0102745294570923,1.007099986076355,1.007099986076355,1.0071812868118286,0.0,1.0071812868118286
2017-12-12,1.011224627494812,1.0065425634384155,1.0085525512695312,1.008684754371643,0.0,1.008684754371643
2017-12-13,1.0117872953414917,1.0073943138122559,1.0087764263153076,1.0086746215820312,0.0,1.0086746215820312
2017-12-14,1.0165700912475586,1.009825587272644,1.0148162841796875,1.014682412147522,0.0,1.014682412147522
2017-12-15,1.0128633975982666,1.0067046880722046,1.0112041234970093,1.0114291906356812,0.0,1.0114291906356812
2017-12-18,1.0161569118499756,1.008471131324768,1.0088577270507812,1.0090410709381104,0.0,1.0090410709381104
2017-12-19,1.0168389081954956,1.0123199224472046,1.0144147872924805,1.0146721601486206,0.0,1.0146721601486206
2017-12-20,1.0173664093017578,1.011654257774353,1.014692783355713,1.0148162841796875,0.0,1.0148162841796875
2017-12-21,1.0149192810058594,1.0092650651931763,1.013941764831543,1.0139518976211548,0.0,1.0139518976211548
2017-12-22,1.011838436126709,1.0089900493621826,1.0112450122833252,1.0115928649902344,0.0,1.0115928649902344
2017-12-25,1.0122686624526978,1.0101009607315063,1.0109179019927979,1.0110405683517456,0.0,1.0110405683517456
2017-12-26,1.0115314722061157,1.0088882446289062,1.011224627494812,1.011224627494812,0.0,1.011224627494812
2017-12-27,1.0131815671920776,1.0098052024841309,1.0105092525482178,1.0104072093963623,0.0,1.0104072093963623
2017-12-28,1.0233319997787476,1.0142502784729004,1.0142502784729004,1.014404535293579,0.0,1.014404535293579
2017-12-29,1.0269049406051636,1.0216174125671387,1.0217530727386475,1.021763563156128,0.0,1.021763563156128
2018-01-01,1.0279605388641357,1.02574622631073,1.0271159410476685,1.0269787311553955,0.0,1.0269787311553955
2018-01-02,1.0310341119766235,1.0258829593658447,1.0259567499160767,1.0259356498718262,0.0,1.0259356498718262
2018-01-03,1.0296540260314941,1.020730972290039,1.0293360948562622,1.0293785333633423,0.0,1.0293785333633423
2018-01-04,1.027010440826416,1.0225785970687866,1.0234366655349731,1.0233948230743408,0.0,1.0233948230743408
2018-01-05,1.0269049406051636,1.0222336053848267,1.0262726545333862,1.0262726545333862,0.0,1.0262726545333862
2018-01-08,1.0261672735214233,1.022139549255371,1.0255569219589233,1.0255779027938843,0.0,1.0255779027938843
2018-01-09,1.0241703987121582,1.0161879062652588,1.0230283737182617,1.0231539011001587,0.0,1.0231539011001587
2018-01-10,1.0251679420471191,1.0157853364944458,1.0163531303405762,1.0164873600006104,0.0,1.0164873600006104
2018-01-11,1.0276435613632202,1.01894211769104,1.0227876901626587,1.0228610038757324,0.0,1.0228610038757324
2018-01-12,1.0310872793197632,1.0235834121704102,1.0248842239379883,1.0249366760253906,0.0,1.0249366760253906
2018-01-15,1.0414496660232544,1.0326098203659058,1.0329511165618896,1.033164620399475,0.0,1.033164620399475
2018-01-16,1.039630651473999,1.034725308418274,1.0382059812545776,1.0383461713790894,0.0,1.0383461713790894
2018-01-17,1.044473648071289,1.0362908840179443,1.042578935623169,1.0426441431045532,0.0,1.0426441431045532
2018-01-18,1.0440266132354736,1.0357112884521484,1.036183476448059,1.0362157821655273,0.0,1.0362157821655273
2018-01-19,1.048657774925232,1.039360523223877,1.0429377555847168,1.0430030822753906,0.0,1.0430030822753906
2018-01-22,1.042535424232483,1.0375919342041016,1.0399118661880493,1.0401498079299927,0.0,1.0401498079299927
2018-01-23,1.0451833009719849,1.038130521774292,1.0396090745925903,1.0394469499588013,0.0,1.0394469499588013
2018-01-24,1.0604342222213745,1.0444082021713257,1.0451505184173584,1.0453908443450928,0.0,1.0453908443450928
2018-01-25,1.0764957666397095,1.0564905405044556,1.0568478107452393,1.056725025177002,0.0,1.056725025177002
2018-01-26,1.071753978729248,1.0610867738723755,1.0617965459823608,1.0617965459823608,0.0,1.0617965459823608
2018-01-29,1.071237325668335,1.0654505491256714,1.0710422992706299,1.0710537433624268,0.0,1.0710537433624268
2018-01-30,1.0740907192230225,1.064736008644104,1.0668487548828125,1.067008137702942,0.0,1.067008137702942
2018-01-31,1.0759745836257935,1.0685701370239258,1.0699421167373657,1.0699878931045532,0.0,1.0699878931045532
2018-02-01,1.0791327953338623,1.0705605745315552,1.073825478553772,1.0741138458251953,0.0,1.0741138458251953
2018-02-02,1.0801352262496948,1.0712602138519287,1.079925298690796,1.0799369812011719,0.0,1.0799369812011719
2018-02-05,1.0768898725509644,1.0666325092315674,1.0739638805389404,1.074021577835083,0.0,1.074021577835083
2018-02-06,1.0745524168014526,1.064271330833435,1.0738370418548584,1.0738831758499146,0.0,1.0738831758499146
2018-02-07,1.0705262422561646,1.0583018064498901,1.0683304071426392,1.0683075189590454,0.0,1.0683075189590454
2018-02-08,1.068341851234436,1.0561668872833252,1.0607266426086426,1.060782790184021,0.0,1.060782790184021
2018-02-09,1.0698620080947876,1.0629364252090454,1.0695186853408813,1.069427251815796,0.0,1.069427251815796
2018-02-12,1.0679197311401367,1.0638411045074463,1.0643166303634644,1.0643960237503052,0.0,1.0643960237503052
2018-02-13,1.0726046562194824,1.0640448331832886,1.0652917623519897,1.0655300617218018,0.0,1.0655300617218018
2018-02-14,1.0751993656158447,1.066803216934204,1.0691642761230469,1.0692557096481323,0.0,1.0692557096481323
2018-02-15,1.0841047763824463,1.0764378309249878,1.0777720212936401,1.0781787633895874,0.0,1.0781787633895874
2018-02-16,1.0882576704025269,1.0797502994537354,1.084881067276001,1.0845986604690552,0.0,1.0845986604690552
2018-02-19,1.0796804428100586,1.073019027709961,1.0785043239593506,1.0785043239593506,0.0,1.0785043239593506
2018-02-20,1.076658010482788,1.06802237033844,1.0759514570236206,1.0759629011154175,0.0,1.0759629011154175
2018-02-21,1.0687185525894165,1.065405249595642,1.067896842956543,1.0679197311401367,0.0,1.0679197311401367
2018-02-22,1.071926236152649,1.0628347396850586,1.0652917623519897,1.065348505973816,0.0,1.065348505973816
2018-02-23,1.0723860263824463,1.0669739246368408,1.0716160535812378,1.0717424154281616,0.0,1.0717424154281616
2018-02-26,1.0724436044692993,1.0650421380996704,1.0670764446258545,1.0671675205230713,0.0,1.0671675205230713
2018-02-27,1.068558692932129,1.0621461868286133,1.0653939247131348,1.0654165744781494,0.0,1.0654165744781494
2018-02-28,1.0651895999908447,1.0578540563583374,1.0641354322433472,1.0645545721054077,0.0,1.0645545721054077
2018-03-01,1.0592659711837769,1.0539518594741821,1.0583354234695435,1.0589854717254639,0.0,1.0589854717254639
2018-03-02,1.07072114944458,1.0611655712127686,1.0622138977050781,1.0621461868286133,0.0,1.0621461868286133
2018-03-05,1.069290041923523,1.063761830329895,1.0673497915267944,1.0670878887176514,0.0,1.0670878887176514
2018-03-06,1.068433165550232,1.062022089958191,1.064022183418274,1.0641694068908691,0.0,1.0641694068908691
2018-03-07,1.0687414407730103,1.059456706047058,1.065836787223816,1.065825343132019,0.0,1.065825343132019
2018-03-08,1.0613908767700195,1.052498698234558,1.0598047971725464,1.0599732398986816,0.0,1.0599732398986816
2018-03-09,1.0539406538009644,1.0489217042922974,1.0510385036468506,1.051093578338623,0.0,1.051093578338623
2018-03-12,1.0554758310317993,1.0513920783996582,1.0517348051071167,1.051745891571045,0.0,1.051745891571045
2018-03-13,1.060243010520935,1.0534743070602417,1.0556317567825317,1.0557544231414795,0.0,1.0557544231414795
2018-03-14,1.0612331628799438,1.0550192594528198,1.0596699714660645,1.0600968599319458,0.0,1.0600968599319458
2018-03-15,1.0600069761276245,1.0522328615188599,1.058750033378601,1.0588396787643433,0.0,1.0588396787643433
2018-03-16,1.0541406869888306,1.0474604368209839,1.0510274171829224,1.051193118095398,0.0,1.051193118095398
2018-03-19,1.0530195236206055,1.0470327138900757,1.0493619441986084,1.049538254737854,0.0,1.049538254737854
2018-03-20,1.052520751953125,1.0466710329055786,1.0511820316314697,1.0516352653503418,0.0,1.0516352653503418
2018-03-21,1.0504201650619507,1.0459157228469849,1.0460032224655151,1.0460907220840454,0.0,1.0460907220840454
2018-03-22,1.0571048259735107,1.0532301664352417,1.0542962551116943,1.0542184114456177,0.0,1.0542184114456177
2018-03-23,1.0587612390518188,1.0533522367477417,1.0567920207977295,1.0566691160202026,0.0,1.0566691160202026
2018-03-25,1.0601080656051636,1.0540739297866821,1.0557878017425537,1.0560777187347412,0.0,1.0560777187347412
2018-03-26,1.06022047996521,1.0517016649246216,1.058111548423767,1.0584250688552856,0.0,1.0584250688552856
2018-03-27,1.0571942329406738,1.0460141897201538,1.0564347505569458,1.0565240383148193,0.0,1.0565240383148193
2018-03-28,1.0472739934921265,1.0435689687728882,1.045478343963623,1.0453252792358398,0.0,1.0453252792358398
2018-03-29,1.0501995086669922,1.0458062887191772,1.0459157228469849,1.0460251569747925,0.0,1.0460251569747925
2018-04-01,1.0498688220977783,1.045718789100647,1.0474494695663452,1.0475592613220215,0.0,1.0475592613220215
2018-04-02,1.0492078065872192,1.0423941612243652,1.0469231605529785,1.047120451927185,0.0,1.047120451927185
2018-04-03,1.0465614795684814,1.0417860746383667,1.0435363054275513,1.0433839559555054,0.0,1.0433839559555054
2018-04-04,1.0418837070465088,1.0374089479446411,1.0415689945220947,1.0415472984313965,0.0,1.0415472984313965
2018-04-05,1.0430573225021362,1.0366239547729492,1.0395010709762573,1.0396090745925903,0.0,1.0396090745925903
2018-04-08,1.0459157228469849,1.0406910181045532,1.0424702167510986,1.0425137281417847,0.0,1.0425137281417847
2018-04-09,1.0488556623458862,1.043786883354187,1.0459157228469849,1.0458828210830688,0.0,1.0458828210830688
2018-04-10,1.046462893486023,1.0422528982162476,1.0459157228469849,1.045653223991394,0.0,1.045653223991394
2018-04-11,1.0450413227081299,1.036935567855835,1.0448229312896729,1.0444954633712769,0.0,1.0444954633712769
2018-04-12,1.0418837070465088,1.037581205368042,1.0391229391098022,1.03915536403656,0.0,1.03915536403656
2018-04-15,1.0440592765808105,1.0378503799438477,1.0383784770965576,1.0383461713790894,0.0,1.0383461713790894
2018-04-16,1.0437324047088623,1.0339871644973755,1.0422855615615845,1.0422855615615845,0.0,1.0422855615615845
2018-04-17,1.0360976457595825,1.0313531160354614,1.0345648527145386,1.0347682237625122,0.0,1.0347682237625122
2018-04-18,1.0344470739364624,1.0284150838851929,1.0324499607086182,1.0325244665145874,0.0,1.0325244665145874
2018-04-19,1.0300889015197754,1.0248737335205078,1.0292619466781616,1.0293254852294922,0.0,1.0293254852294922
2018-04-22,1.0259356498718262,1.0227563381195068,1.0246636867523193,1.0246951580047607,0.0,1.0246951580047607
2018-04-23,1.0238558053970337,1.0194199085235596,1.0225054025650024,1.0223380327224731,0.0,1.0223380327224731
2018-04-24,1.021972417831421,1.0155171155929565,1.021972417831421,1.0218679904937744,0.0,1.0218679904937744
2018-04-25,1.018682599067688,1.0114086866378784,1.0176045894622803,1.017697811126709,0.0,1.017697811126709
2018-04-26,1.0128633975982666,1.0082169771194458,1.0110405683517456,1.011091709136963,0.0,1.011091709136963
2018-04-29,1.0131711959838867,1.0081154108047485,1.0120842456817627,1.0120331048965454,0.0,1.0120331048965454
2018-04-30,1.0095911026000977,1.0031700134277344,1.0095911026000977,1.0095911026000977,0.0,1.0095911026000977
2018-05-01,1.0063804388046265,1.0011813640594482,1.0034719705581665,1.003421664237976,0.0,1.003421664237976
2018-05-02,1.0044194459915161,1.000360131263733,1.0007305145263672,1.0007004737854004,0.0,1.0007004737854004
2018-05-03,1.0032103061676025,0.9978645443916321,1.0026570558547974,1.0026670694351196,0.0,1.0026670694351196
2018-05-06,1.0019036531448364,0.9945301413536072,0.9996002316474915,0.9994602799415588,0.0,0.9994602799415588
2018-05-07,0.9995301961898804,0.9955201148986816,0.9979840517044067,0.9981533885002136,0.0,0.9981533885002136
2018-05-08,0.9995802044868469,0.9957877993583679,0.9987315535545349,0.9988613128662109,0.0,0.9988613128662109
2018-05-09,1.0005003213882446,0.99443119764328,0.9946388602256775,0.9946290850639343,0.0,0.9946290850639343
2018-05-10,1.002325415611267,0.9961150884628296,0.9969792366027832,0.9969792366027832,0.0,0.9969792366027832
2018-05-13,1.004248023033142,0.9996601343154907,1.000040054321289,1.0001400709152222,0.0,1.0001400709152222
2018-05-14,1.0007305145263672,0.9960159659385681,0.999760091304779,0.99972003698349,0.0,0.99972003698349
2018-05-15,1.0016026496887207,0.9982330799102783,0.9987016916275024,0.9986817240715027,0.0,0.9986817240715027
2018-05-16,1.0014019012451172,0.9968499541282654,0.9994003772735596,0.9996002316474915,0.0,0.9996002316474915
2018-05-17,1.0033109188079834,0.9983227849006653,0.9983227849006653,0.9984822869300842,0.0,0.9984822869300842
2018-05-20,1.00290846824646,0.9999699592590332,1.0019136667251587,1.00210440158844,0.0,1.00210440158844
2018-05-21,1.0083694458007812,1.0010210275650024,1.0032103061676025,1.0032103061676025,0.0,1.0032103061676025
2018-05-22,1.0106114149093628,1.0046716928482056,1.0080645084381104,1.0081356763839722,0.0,1.0081356763839722
2018-05-23,1.0115314722061157,1.0053484439849854,1.005763053894043,1.0058844089508057,0.0,1.0058844089508057
2018-05-24,1.0096930265426636,1.0063905715942383,1.0089391469955444,1.0087764263153076,0.0,1.0087764263153076
2018-05-27,1.0090817213058472,1.0043690204620361,1.007962942123413,1.0081660747528076,0.0,1.0081660747528076
2018-05-28,1.0080645084381104,1.0018634796142578,1.0065830945968628,1.0066641569137573,0.0,1.0066641569137573
2018-05-29,1.0121968984603882,1.0065932273864746,1.0091733932495117,1.0093872547149658,0.0,1.0093872547149658
2018-05-30,1.01781165599823,1.011224627494812,1.0115723609924316,1.0115519762039185,0.0,1.0115519762039185
2018-05-31,1.0160536766052246,1.00922429561615,1.0153006315231323,1.0155377388000488,0.0,1.0155377388000488
2018-06-03,1.0173354148864746,1.0107851028442383,1.0114189386367798,1.0115314722061157,0.0,1.0115314722061157
2018-06-04,1.0151253938674927,1.0109076499938965,1.0120739936828613,1.012145757675171,0.0,1.012145757675171
2018-06-05,1.0169836282730103,1.011623501777649,1.0160226821899414,1.0162601470947266,0.0,1.0162601470947266
2018-06-06,1.0198878049850464,1.0137875080108643,1.014404535293579,1.0143016576766968,0.0,1.0143016576766968
2018-06-07,1.0203040838241577,1.0115928649902344,1.0193160772323608,1.0195550918579102,0.0,1.0195550918579102
2018-06-10,1.016311764717102,1.0128839015960693,1.015135645866394,1.0154242515563965,0.0,1.0154242515563965
2018-06-11,1.0172940492630005,1.0118283033370972,1.0138182640075684,1.0139931440353394,0.0,1.0139931440353394
2018-06-12,1.0163633823394775,1.01066255569458,1.0132739543914795,1.0133765935897827,0.0,1.0133765935897827
2018-06-13,1.017759919166565,1.0053685903549194,1.0157440900802612,1.0156408548355103,0.0,1.0156408548355103
2018-06-14,1.0054899454116821,1.0012515783309937,1.00290846824646,1.0030995607376099,0.0,1.0030995607376099
2018-06-17,1.006410837173462,1.0011513233184814,1.0025665760040283,1.0025062561035156,0.0,1.0025062561035156
2018-06-18,1.008471131324768,1.002395749092102,1.005682110786438,1.005843997001648,0.0,1.005843997001648
2018-06-19,1.0063399076461792,1.0017831325531006,1.0060361623764038,1.0058945417404175,0.0,1.0058945417404175
2018-06-20,1.0099989175796509,1.0014922618865967,1.003955602645874,1.003975749015808,0.0,1.003975749015808
2018-06-21,1.0113269090652466,1.0082271099090576,1.0085422992706299,1.0084508657455444,0.0,1.0084508657455444
2018-06-24,1.0136847496032715,1.0113166570663452,1.0121968984603882,1.0122789144515991,0.0,1.0122789144515991
2018-06-25,1.0145074129104614,1.0082881450653076,1.0131711959838867,1.0132739543914795,0.0,1.0132739543914795
2018-06-26,1.0109996795654297,1.0034719705581665,1.0091428756713867,1.0093872547149658,0.0,1.0093872547149658
2018-06-27,1.0042177438735962,1.000930905342102,1.0032001733779907,1.0032404661178589,0.0,1.0032404661178589
2018-06-28,1.0082677602767944,1.0022751092910767,1.0025464296340942,1.0024157762527466,0.0,1.0024157762527466
2018-07-01,1.009825587272644,1.003612995147705,1.009825587272644,1.0098867416381836,0.0,1.0098867416381836
2018-07-02,1.0087255239486694,1.0051665306091309,1.0066742897033691,1.0067452192306519,0.0,1.0067452192306519
2018-07-03,1.009795069694519,1.0061779022216797,1.0080645084381104,1.0080747604370117,0.0,1.0080747604370117
2018-07-04,1.0090410709381104,1.0061070919036865,1.0076582431793213,1.0078612565994263,0.0,1.0078612565994263
2018-07-05,1.0116850137710571,1.0057023763656616,1.0069479942321777,1.007049322128296,0.0,1.007049322128296
2018-07-08,1.0145074129104614,1.0080645084381104,1.0108157396316528,1.0109179019927979,0.0,1.0109179019927979
2018-07-09,1.0092854499816895,1.0039153099060059,1.0087966918945312,1.0086950063705444,0.0,1.0086950063705444
2018-07-10,1.0095198154449463,1.004984736442566,1.00747549533844,1.0075262784957886,0.0,1.0075262784957886
2018-07-11,1.0052272081375122,0.9978147745132446,1.0045102834701538,1.0044194459915161,0.0,1.0044194459915161
2018-07-12,0.9986019730567932,0.9933544397354126,0.9971879124641418,0.997307300567627,0.0,0.997307300567627
2018-07-15,1.0037440061569214,0.997665524482727,0.9978247880935669,0.9978247880935669,0.0,0.9978247880935669
2018-07-16,1.0072522163391113,1.000850796699524,1.0032907724380493,1.0032404661178589,0.0,1.0032404661178589
2018-07-17,1.0016026496887207,0.9966115355491638,0.9997300505638123,0.99972003698349,0.0,0.99972003698349
2018-07-18,1.00210440158844,0.9958076477050781,1.001502275466919,1.0014019012451172,0.0,1.0014019012451172
2018-07-19,1.0063399076461792,0.9990409016609192,1.001301646232605,1.001261591911316,0.0,1.001261591911316
2018-07-22,1.0102030038833618,1.0070899724960327,1.0092039108276367,1.009214162826538,0.0,1.009214162826538
2018-07-23,1.0080645084381104,1.0046212673187256,1.0071507692337036,1.00684654712677,0.0,1.00684654712677
2018-07-24,1.0092854499816895,1.00526762008667,1.00684654712677,1.0067452192306519,0.0,1.0067452192306519
2018-07-25,1.0099989175796509,1.006086826324463,1.0092854499816895,1.0091021060943604,0.0,1.0091021060943604
2018-07-26,1.007049322128296,1.0022852420806885,1.006137490272522,1.0060160160064697,0.0,1.0060160160064697
2018-07-29,1.0122175216674805,1.004469871520996,1.0060361623764038,1.0060564279556274,0.0,1.0060564279556274
2018-07-30,1.0134073495864868,1.0097644329071045,1.0120536088943481,1.01206374168396,0.0,1.01206374168396
2018-07-31,1.0099989175796509,1.00673508644104,1.0098154544830322,1.009795069694519,0.0,1.009795069694519
2018-08-01,1.0085728168487549,1.0052272081375122,1.008471131324768,1.0083898305892944,0.0,1.0083898305892944
2018-08-02,1.007962942123413,1.0035626888275146,1.004530429840088,1.0046212673187256,0.0,1.0046212673187256
2018-08-05,1.0059350728988647,1.0016226768493652,1.0055304765701294,1.0056315660476685,0.0,1.0056315660476685
2018-08-06,1.007049322128296,1.0033109188079834,1.003814458847046,1.0036935806274414,0.0,1.0036935806274414
2018-08-07,1.0064412355422974,1.0030995607376099,1.004782795906067,1.0050251483917236,0.0,1.0050251483917236
2018-08-08,1.0106420516967773,1.005105972290039,1.00684654712677,1.0069479942321777,0.0,1.0069479942321777
2018-08-09,1.0072319507598877,1.002606749534607,1.006086826324463,1.0060665607452393,0.0,1.0060665607452393
2018-08-12,1.007962942123413,1.0048130750656128,1.0057326555252075,1.0054292678833008,0.0,1.0054292678833008
2018-08-13,1.0099989175796509,1.0056315660476685,1.00662362575531,1.00684654712677,0.0,1.00684654712677
2018-08-14,1.006218433380127,1.0018433332443237,1.0060361623764038,1.005924940109253,0.0,1.005924940109253
2018-08-15,1.008501648902893,1.0038648843765259,1.0066944360733032,1.0069479942321777,0.0,1.0069479942321777
2018-08-16,1.0067553520202637,1.002305269241333,1.0026670694351196,1.0026570558547974,0.0,1.0026570558547974
2018-08-19,1.0071913003921509,1.0032706260681152,1.004782795906067,1.0048332214355469,0.0,1.0048332214355469
2018-08-20,1.0137977600097656,1.0095707178115845,1.009703278541565,1.0095911026000977,0.0,1.0095911026000977
2018-08-21,1.0195966958999634,1.014960527420044,1.0158988237380981,1.0159504413604736,0.0,1.0159504413604736
2018-08-22,1.0180810689926147,1.01449716091156,1.0171905755996704,1.0169939994812012,0.0,1.0169939994812012
2018-08-23,1.0191186666488647,1.0137361288070679,1.0140753984451294,1.013931393623352,0.0,1.013931393623352
2018-08-26,1.020512342453003,1.015702724456787,1.017739176750183,1.0180914402008057,0.0,1.0180914402008057
2018-08-27,1.0261040925979614,1.0195446014404297,1.0212417840957642,1.0210332870483398,0.0,1.0210332870483398
2018-08-28,1.0300252437591553,1.022976040840149,1.0241494178771973,1.0239607095718384,0.0,1.0239607095718384
2018-08-29,1.0326311588287354,1.0293785333633423,1.0307153463363647,1.0306090116500854,0.0,1.0306090116500854
2018-08-30,1.0359580516815186,1.0310128927230835,1.0323220491409302,1.032417893409729,0.0,1.032417893409729
2018-09-02,1.0327378511428833,1.0302480459213257,1.031406283378601,1.0316723585128784,0.0,1.0316723585128784
2018-09-03,1.0320981740951538,1.0239711999893188,1.0316723585128784,1.0316829681396484,0.0,1.0316829681396484
2018-09-04,1.0300782918930054,1.0253571271896362,1.0268521308898926,1.027010440826416,0.0,1.027010440826416
2018-09-05,1.034554123878479,1.029834270477295,1.029834270477295,1.0298025608062744,0.0,1.0298025608062744
2018-09-06,1.0371721982955933,1.0320876836776733,1.03616201877594,1.0357863903045654,0.0,1.0357863903045654
2018-09-09,1.0325244665145874,1.026019811630249,1.0322580337524414,1.032417893409729,0.0,1.032417893409729
2018-09-10,1.0278549194335938,1.024768590927124,1.0257987976074219,1.0259251594543457,0.0,1.0259251594543457
2018-09-11,1.0309277772903442,1.0258303880691528,1.0277491807937622,1.0278443098068237,0.0,1.0278443098068237
2018-09-12,1.0353788137435913,1.0305029153823853,1.0309277772903442,1.0309277772903442,0.0,1.0309277772903442
2018-09-13,1.0380982160568237,1.0342223644256592,1.0348645448684692,1.0351966619491577,0.0,1.0351966619491577
2018-09-16,1.0404094457626343,1.0335062742233276,1.0339123010635376,1.0341261625289917,0.0,1.0341261625289917
2018-09-17,1.041775107383728,1.0385833978652954,1.038820743560791,1.0387667417526245,0.0,1.0387667417526245
2018-09-18,1.0380982160568237,1.0310341119766235,1.0377857685089111,1.037710428237915,0.0,1.037710428237915
2018-09-19,1.0427637100219727,1.033484935760498,1.033698558807373,1.0339123010635376,0.0,1.0339123010635376
2018-09-20,1.047965407371521,1.0422312021255493,1.043079137802124,1.0429377555847168,0.0,1.0429377555847168
2018-09-23,1.0437759160995483,1.0391877889633179,1.0432968139648438,1.043623447418213,0.0,1.043623447418213
2018-09-24,1.0376458168029785,1.0341476202011108,1.0367422103881836,1.0367958545684814,0.0,1.0367958545684814
2018-09-25,1.037387490272522,1.0309385061264038,1.0360009670257568,1.036011815071106,0.0,1.036011815071106
2018-09-26,1.0364842414855957,1.0224008560180664,1.0360761880874634,1.0362157821655273,0.0,1.0362157821655273
2018-09-27,1.0267045497894287,1.0226621627807617,1.0235414505004883,1.0235624313354492,0.0,1.0235624313354492
2018-09-30,1.0198878049850464,1.0148266553878784,1.0189628601074219,1.019160270690918,0.0,1.019160270690918
2018-10-01,1.0175009965896606,1.014909029006958,1.0166631937026978,1.0168802738189697,0.0,1.0168802738189697
2018-10-02,1.0169836282730103,1.0103765726089478,1.016466736793518,1.0164977312088013,0.0,1.0164977312088013
2018-10-03,1.010284662246704,1.0074856281280518,1.0083694458007812,1.0083186626434326,0.0,1.0083186626434326
2018-10-04,1.009061336517334,1.0051261186599731,1.0086746215820312,1.0087255239486694,0.0,1.0087255239486694
2018-10-07,1.0094891786575317,1.0057023763656616,1.0086746215820312,1.0086643695831299,0.0,1.0086643695831299
2018-10-08,1.0081660747528076,1.0044900178909302,1.0080645084381104,1.007962942123413,0.0,1.007962942123413
2018-10-09,1.0105398893356323,1.00673508644104,1.0083390474319458,1.008471131324768,0.0,1.008471131324768
2018-10-10,1.0145384073257446,1.0079933404922485,1.0117156505584717,1.0119102001190186,0.0,1.0119102001190186
2018-10-11,1.011838436126709,1.0071507692337036,1.010121464729309,1.0103051662445068,0.0,1.0103051662445068
2018-10-14,1.0153727531433105,1.0089696645736694,1.0092955827713013,1.0093872547149658,0.0,1.0093872547149658
2018-10-15,1.0142399072647095,1.0093261003494263,1.0133765935897827,1.0131404399871826,0.0,1.0131404399871826
2018-10-16,1.0101009607315063,1.006269097328186,1.0096930265426636,1.0096726417541504,0.0,1.0096726417541504
2018-10-17,1.0081660747528076,1.0025665760040283,1.0052372217178345,1.004974603652954,0.0,1.004974603652954
2018-10-18,1.0051159858703613,1.0024157762527466,1.004197597503662,1.0042883157730103,0.0,1.0042883157730103
2018-10-21,1.0059856176376343,1.0020642280578613,1.0039153099060059,1.003814458847046,0.0,1.003814458847046
2018-10-22,1.0060564279556274,1.0031297206878662,1.0040160417556763,1.003905177116394,0.0,1.003905177116394
2018-10-23,1.0058237314224243,1.0012716054916382,1.005257487297058,1.0053685903549194,0.0,1.0053685903549194
2018-10-24,1.0046212673187256,0.9984124898910522,1.0030090808868408,1.003139853477478,0.0,1.003139853477478
2018-10-25,1.002516269683838,0.9974167346954346,1.0004302263259888,1.0003300905227661,0.0,1.0003300905227661
2018-10-29,1.002606749534607,0.9991706609725952,1.002606749534607,1.002606749534607,0.0,1.002606749534607
2018-10-30,0.9994003772735596,0.9951139688491821,0.9982830286026001,0.9982730150222778,0.0,0.9982730150222778
2018-10-31,0.9968101382255554,0.9924769997596741,0.994856595993042,0.9950248599052429,0.0,0.9950248599052429
2018-11-01,0.9996801614761353,0.9918569326400757,0.9918569326400757,0.9921127557754517,0.0,0.9921127557754517
2018-11-02,1.0032103061676025,0.9961548447608948,0.9981036186218262,0.9980040192604065,0.0,0.9980040192604065
2018-11-05,0.9975062012672424,0.9933051466941833,0.9974763989448547,0.9976056814193726,0.0,0.9976056814193726
2018-11-06,0.9978048205375671,0.9945498108863831,0.9956192374229431,0.9958176016807556,0.0,0.9958176016807556
2018-11-07,1.0050251483917236,0.9951437711715698,0.998691737651825,0.9984225034713745,0.0,0.9984225034713745
2018-11-08,0.999300479888916,0.9965717792510986,0.9984025359153748,0.9982032775878906,0.0,0.9982032775878906
2018-11-09,0.995559811592102,0.9916700124740601,0.9943323135375977,0.99443119764328,0.0,0.99443119764328
2018-11-12,0.9946290850639343,0.9895797371864319,0.99443119764328,0.9941346049308777,0.0,0.9941346049308777
2018-11-13,0.9918962121009827,0.9874787330627441,0.9898049831390381,0.9898931384086609,0.0,0.9898931384086609
2018-11-14,0.99443119764328,0.9897951483726501,0.994193971157074,0.9942334294319153,0.0,0.9942334294319153
2018-11-15,0.9964129328727722,0.992457389831543,0.9940654039382935,0.9941346049308777,0.0,0.9941346049308777
2018-11-16,0.9996002316474915,0.9915127158164978,0.9931275844573975,0.9933445453643799,0.0,0.9933445453643799
2018-11-19,1.0072522163391113,0.999350368976593,1.0005302429199219,1.0006203651428223,0.0,1.0006203651428223
2018-11-20,1.0092854499816895,1.0050958395004272,1.0069174766540527,1.007049322128296,0.0,1.007049322128296
2018-11-21,1.00730299949646,1.0045102834701538,1.00531804561615,1.0053080320358276,0.0,1.0053080320358276
2018-11-22,1.0078003406524658,1.004469871520996,1.0059350728988647,1.0059350728988647,0.0,1.0059350728988647
2018-11-23,1.0067452192306519,1.0020743608474731,1.0057326555252075,1.0057326555252075,0.0,1.0057326555252075
2018-11-26,1.004722237586975,1.0007405281066895,1.0027375221252441,1.0026872158050537,0.0,1.0026872158050537
2018-11-27,1.0027072429656982,0.9997801184654236,1.0018032789230347,1.0017831325531006,0.0,1.0017831325531006
2018-11-28,1.0020040273666382,0.9995002746582031,1.0018032789230347,1.0018032789230347,0.0,1.0018032789230347
2018-11-29,1.008471131324768,1.0025765895843506,1.0067452192306519,1.007049322128296,0.0,1.007049322128296
2018-11-30,1.0050251483917236,0.9997900128364563,1.004006028175354,1.0041168928146362,0.0,1.0041168928146362
2018-12-03,1.003612995147705,1.0005202293395996,1.0014220476150513,1.001702904701233,0.0,1.001702904701233
2018-12-04,1.007049322128296,1.0018333196640015,1.0020040273666382,1.0021847486495972,0.0,1.0021847486495972
2018-12-05,1.0030090808868408,0.9993404746055603,1.002626895904541,1.002807855606079,0.0,1.002807855606079
2018-12-06,1.0106114149093628,1.001041054725647,1.0029386281967163,1.0029889345169067,0.0,1.0029889345169067
2018-12-07,1.0094382762908936,1.0057427883148193,1.0069174766540527,1.00684654712677,0.0,1.00684654712677
2018-12-10,1.0132739543914795,1.009509563446045,1.010560393333435,1.0103868246078491,0.0,1.0103868246078491
2018-12-11,1.013890266418457,1.0064817667007446,1.0108157396316528,1.0106114149093628,0.0,1.0106114149093628
2018-12-12,1.008471131324768,1.0037137269973755,1.0071507692337036,1.0068870782852173,0.0,1.0068870782852173
2018-12-13,1.0088781118392944,1.0047019720077515,1.007272481918335,1.0074551105499268,0.0,1.0074551105499268
2018-12-14,1.0067452192306519,1.001742959022522,1.0064513683319092,1.0064412355422974,0.0,1.0064412355422974
2018-12-17,1.0083694458007812,1.00187349319458,1.002445936203003,1.0024962425231934,0.0,1.0024962425231934
2018-12-18,1.0101112127304077,1.006461501121521,1.007556676864624,1.0074450969696045,0.0,1.0074450969696045
2018-12-19,1.0095911026000977,1.0059653520584106,1.0078612565994263,1.0076582431793213,0.0,1.0076582431793213
2018-12-20,1.0137875080108643,1.0048534870147705,1.0060969591140747,1.006137490272522,0.0,1.006137490272522
2018-12-21,1.0141987800598145,1.0071710348129272,1.0132123231887817,1.0131711959838867,0.0,1.0131711959838867
2018-12-24,1.0138286352157593,1.0049240589141846,1.0063399076461792,1.0064412355422974,0.0,1.0064412355422974
2018-12-25,1.020512342453003,1.0115314722061157,1.0139931440353394,1.014404535293579,0.0,1.014404535293579
2018-12-26,1.0147134065628052,1.0072927474975586,1.0137875080108643,1.0140959024429321,0.0,1.0140959024429321
2018-12-27,1.0156924724578857,1.0055203437805176,1.0056214332580566,1.0057326555252075,0.0,1.0057326555252075
2018-12-28,1.021346092224121,1.0130685567855835,1.0130685567855835,1.0132739543914795,0.0,1.0132739543914795
2018-12-31,1.0175009965896606,1.0128633975982666,1.0165597200393677,1.0166734457015991,0.0,1.0166734457015991
2019-01-01,1.0192641019821167,1.0165700912475586,1.0167664289474487,1.0167664289474487,0.0,1.0167664289474487
2019-01-02,1.0210332870483398,1.0108667612075806,1.0185374021530151,1.0183299779891968,0.0,1.0183299779891968
2019-01-03,1.0157440900802612,1.0103356838226318,1.0109587907791138,1.0114291906356812,0.0,1.0114291906356812
2019-01-04,1.0150223970413208,1.0094077587127686,1.012904405593872,1.0130685567855835,0.0,1.0130685567855835
2019-01-07,1.0215548276901245,1.0144354104995728,1.0144354104995728,1.0144457817077637,0.0,1.0144457817077637
2019-01-08,1.0216591358184814,1.016952633857727,1.0211479663848877,1.021346092224121,0.0,1.021346092224121
2019-01-09,1.0272530317306519,1.0186411142349243,1.0196901559829712,1.0196070671081543,0.0,1.0196070671081543
2019-01-10,1.0292301177978516,1.0180292129516602,1.0279605388641357,1.0267467498779297,0.0,1.0267467498779297
2019-01-11,1.018952488899231,1.0147751569747925,1.0164873600006104,1.0162498950958252,0.0,1.0162498950958252
2019-01-14,1.0202000141143799,1.015857458114624,1.0165390968322754,1.0165700912475586,0.0,1.0165700912475586
2019-01-15,1.020512342453003,1.0112450122833252,1.0193679332733154,1.0193471908569336,0.0,1.0193471908569336
2019-01-16,1.0130685567855835,1.009254813194275,1.0128017663955688,1.0126889944076538,0.0,1.0126889944076538
2019-01-17,1.0104072093963623,1.0047121047973633,1.0102030038833618,1.0100908279418945,0.0,1.0100908279418945
2019-01-18,1.0071507692337036,1.0041874647140503,1.0061577558517456,1.0063399076461792,0.0,1.0063399076461792
2019-01-21,1.0054292678833008,1.0013418197631836,1.0046314001083374,1.0046615600585938,0.0,1.0046615600585938
2019-01-22,1.0040160417556763,1.0014722347259521,1.0027072429656982,1.0027072429656982,0.0,1.0027072429656982
2019-01-23,1.0056315660476685,1.001081109046936,1.0028983354568481,1.0030090808868408,0.0,1.0030090808868408
2019-01-24,1.0066438913345337,1.003451943397522,1.0056214332580566,1.0054596662521362,0.0,1.0054596662521362
2019-01-25,1.0076074600219727,1.0026670694351196,1.0043185949325562,1.0044194459915161,0.0,1.0044194459915161
2019-01-28,1.0096930265426636,1.0068060159683228,1.0074957609176636,1.0076582431793213,0.0,1.0076582431793213
2019-01-29,1.0092854499816895,1.004772663116455,1.008471131324768,1.008471131324768,0.0,1.008471131324768
2019-01-30,1.0057326555252075,1.0005803108215332,1.0053685903549194,1.0055304765701294,0.0,1.0055304765701294
2019-01-31,1.0092854499816895,1.0049039125442505,1.00640070438385,1.0065425634384155,0.0,1.0065425634384155
2019-02-01,1.007820725440979,1.00383460521698,1.0062386989593506,1.0063399076461792,0.0,1.0063399076461792
2019-02-04,1.0051867961883545,1.0006403923034668,1.0044900178909302,1.004550576210022,0.0,1.004550576210022
2019-02-05,1.0024057626724243,0.9980837106704712,1.0020943880081177,1.0022048950195312,0.0,1.0022048950195312
2019-02-06,1.0013618469238281,0.998502254486084,1.0001599788665771,1.000290036201477,0.0,1.000290036201477
2019-02-07,0.9998999834060669,0.9971680045127869,0.9977152347564697,0.9979044198989868,0.0,0.9979044198989868
2019-02-08,1.0005003213882446,0.997287392616272,0.9976156949996948,0.9975957274436951,0.0,0.9975957274436951
2019-02-11,1.0009007453918457,0.9947081804275513,1.0006604194641113,1.0007104873657227,0.0,1.0007104873657227
2019-02-12,0.9963136315345764,0.9909821152687073,0.9961150884628296,0.9961150884628296,0.0,0.9961150884628296
2019-02-13,0.9956192374229431,0.9920733571052551,0.9939369559288025,0.9939271807670593,0.0,0.9939271807670593
2019-02-14,0.9947279095649719,0.9904324412345886,0.991276741027832,0.9913750290870667,0.0,0.9913750290870667
2019-02-15,0.995322048664093,0.9912079572677612,0.9951239228248596,0.9950743317604065,0.0,0.9950743317604065
2019-02-18,0.9979044198989868,0.9951832890510559,0.9957184195518494,0.9955201148986816,0.0,0.9955201148986816
2019-02-19,0.9994003772735596,0.994045615196228,0.9956192374229431,0.9955499172210693,0.0,0.9955499172210693
2019-02-20,1.001502275466919,0.997994065284729,0.9986119270324707,0.9987216591835022,0.0,0.9987216591835022
2019-02-21,1.0007004737854004,0.9977849125862122,0.9997300505638123,1.0,0.0,1.0
2019-02-22,1.0011012554168701,0.9977948665618896,0.9991507530212402,0.999140739440918,0.0,0.999140739440918
2019-02-25,1.0017129182815552,0.999140739440918,1.000100016593933,1.0003000497817993,0.0,1.0003000497817993
2019-02-26,1.0007004737854004,0.9982032775878906,0.999760091304779,0.9999099969863892,0.0,0.9999099969863892
2019-02-27,1.0039153099060059,0.9989810585975647,1.0001800060272217,1.000290036201477,0.0,1.000290036201477
2019-02-28,1.0074551105499268,0.9991207718849182,0.9995002746582031,0.9995002746582031,0.0,0.9995002746582031
2019-03-01,1.0036935806274414,0.9992105960845947,1.00290846824646,1.0027475357055664,0.0,1.0027475357055664
2019-03-04,1.0016026496887207,0.9980936646461487,1.0016026496887207,1.001702904701233,0.0,1.001702904701233
2019-03-05,1.001301646232605,0.995322048664093,1.0009409189224243,1.0014019012451172,0.0,1.0014019012451172
2019-03-06,0.9968897700309753,0.9944707155227661,0.9956192374229431,0.9956192374229431,0.0,0.9956192374229431
2019-03-07,0.996512234210968,0.9893937110900879,0.9959167838096619,0.9959167838096619,0.0,0.9959167838096619
2019-03-08,0.9930585622787476,0.9883962869644165,0.9892076849937439,0.9894132614135742,0.0,0.9894132614135742
2019-03-11,0.9929894208908081,0.9890903830528259,0.991876482963562,0.9922603964805603,0.0,0.9922603964805603
2019-03-12,0.9938382506370544,0.9889729619026184,0.9898638129234314,0.9898638129234314,0.0,0.9898638129234314
2019-03-13,0.9954904913902283,0.991719126701355,0.9925557971000671,0.9926543235778809,0.0,0.9926543235778809
2019-03-14,0.9971083998680115,0.9949852228164673,0.9969692826271057,0.9967207312583923,0.0,0.9967207312583923
2019-03-15,0.9988313317298889,0.9948961138725281,0.9964724779129028,0.9965618252754211,0.0,0.9965618252754211
2019-03-18,1.0005003213882446,0.9976056814193726,0.9979044198989868,0.9976056814193726,0.0,0.9976056814193726
2019-03-19,1.0016125440597534,0.9987117052078247,0.9990009665489197,0.9990009665489197,0.0,0.9990009665489197
2019-03-20,1.0034116506576538,0.9991008043289185,1.0010911226272583,1.0014019012451172,0.0,1.0014019012451172
2019-03-21,1.009795069694519,1.0057427883148193,1.0092854499816895,1.0090817213058472,0.0,1.0090817213058472
2019-03-22,1.0086746215820312,1.0030392408370972,1.0081254243850708,1.0081660747528076,0.0,1.0081660747528076
2019-03-25,1.0086746215820312,1.0051159858703613,1.0062386989593506,1.0060462951660156,0.0,1.0060462951660156
2019-03-26,1.008471131324768,1.0050150156021118,1.00770902633667,1.0077495574951172,0.0,1.0077495574951172
2019-03-27,1.0090919733047485,1.0034921169281006,1.0062285661697388,1.0064412355422974,0.0,1.0064412355422974
2019-03-28,1.0059350728988647,1.0028681755065918,1.0052776336669922,1.0053281784057617,0.0,1.0053281784057617
2019-03-29,1.0057326555252075,1.002677083015442,1.0050857067108154,1.0051968097686768,0.0,1.0051968097686768
2019-03-31,1.00684654712677,1.0011913776397705,1.0051261186599731,1.0050251483917236,0.0,1.0050251483917236
2019-04-01,1.0018032789230347,1.0000500679016113,1.001001000404358,1.000800609588623,0.0,1.000800609588623
2019-04-02,1.0048232078552246,1.0013116598129272,1.0019036531448364,1.0018433332443237,0.0,1.0018433332443237
2019-04-03,1.00290846824646,0.9997400641441345,1.0027475357055664,1.00271737575531,0.0,1.00271737575531
2019-04-04,1.0008206367492676,0.998891294002533,1.0002000331878662,1.0000799894332886,0.0,1.0000799894332886
2019-04-07,1.0024057626724243,0.99972003698349,0.9999599456787109,1.000100016593933,0.0,1.000100016593933
2019-04-08,1.0020040273666382,0.9992006421089172,1.0008306503295898,1.000890851020813,0.0,1.000890851020813
2019-04-09,1.0006003379821777,0.9968101382255554,1.000230073928833,1.0003501176834106,0.0,1.0003501176834106
2019-04-10,0.9992006421089172,0.9954309463500977,0.9976754784584045,0.9977948665618896,0.0,0.9977948665618896
2019-04-11,1.0005003213882446,0.9967108964920044,0.9970884919166565,0.997267484664917,0.0,0.997267484664917
2019-04-14,0.999300479888916,0.9960953593254089,0.9975759387016296,0.9976056814193726,0.0,0.9976056814193726
2019-04-15,0.9968101382255554,0.9931176900863647,0.9963136315345764,0.9963434338569641,0.0,0.9963434338569641
2019-04-16,0.9933445453643799,0.9901774525642395,0.9922899603843689,0.9925557971000671,0.0,0.9925557971000671
2019-04-17,0.9908838868141174,0.9847366213798523,0.989471971988678,0.9897069931030273,0.0,0.9897069931030273
2019-04-18,0.9872642755508423,0.9849985241889954,0.9853090643882751,0.9853770136833191,0.0,0.9853770136833191
2019-04-21,0.9859988689422607,0.9843197464942932,0.9859015941619873,0.9858141541481018,0.0,0.9858141541481018
2019-04-22,0.9849305152893066,0.9776222705841064,0.9848142266273499,0.9849305152893066,0.0,0.9849305152893066
2019-04-23,0.9832648634910583,0.9794511198997498,0.9802191853523254,0.9802480340003967,0.0,0.9802480340003967
2019-04-24,0.9810654520988464,0.9777560234069824,0.9801038503646851,0.9801038503646851,0.0,0.9801038503646851
2019-04-25,0.9819324612617493,0.977861225605011,0.980680525302887,0.9804883003234863,0.0,0.9804883003234863
2019-04-28,0.9820288419723511,0.9789621233940125,0.9810172915458679,0.981046199798584,0.0,0.981046199798584
2019-04-29,0.9830908179283142,0.9802095890045166,0.9808633327484131,0.9810654520988464,0.0,0.9810654520988464
2019-04-30,0.9866798520088196,0.9806421399116516,0.9811713695526123,0.9813446998596191,0.0,0.9813446998596191
2019-05-01,0.9832842350006104,0.9801326990127563,0.9828492999076843,0.9828975796699524,0.0,0.9828975796699524
2019-05-02,0.9836710691452026,0.9792688488960266,0.980901837348938,0.9810172915458679,0.0,0.9810172915458679
2019-05-05,0.9853187799453735,0.9807575941085815,0.9839032888412476,0.9837484359741211,0.0,0.9837484359741211
2019-05-06,0.9842519164085388,0.9780238270759583,0.9829362630844116,0.9831874966621399,0.0,0.9831874966621399
2019-05-07,0.9835742712020874,0.980680525302887,0.9808056354522705,0.9807767271995544,0.0,0.9807767271995544
2019-05-08,0.9877616167068481,0.9795278310775757,0.9800366759300232,0.9801038503646851,0.0,0.9801038503646851
2019-05-09,0.9900009632110596,0.9844748973846436,0.9847656488418579,0.985027551651001,0.0,0.985027551651001
2019-05-12,0.9950248599052429,0.9888555407524109,0.9897069931030273,0.9897069931030273,0.0,0.9897069931030273
2019-05-13,0.9948268532752991,0.9909035563468933,0.9945400357246399,0.9946487545967102,0.0,0.9946487545967102
2019-05-14,0.9947081804275513,0.9909231066703796,0.9913750290870667,0.9913357496261597,0.0,0.9913357496261597
2019-05-15,0.9928514957427979,0.9896091222763062,0.9918863773345947,0.9918175339698792,0.0,0.9918175339698792
2019-05-16,0.9916700124740601,0.9881129860877991,0.9901970624923706,0.9901186227798462,0.0,0.9901186227798462
2019-05-19,0.9920634627342224,0.9880934357643127,0.9894523620605469,0.9896091222763062,0.0,0.9896091222763062
2019-05-20,0.9916700124740601,0.9883279204368591,0.9915716648101807,0.9917683601379395,0.0,0.9917683601379395
2019-05-22,0.9964129328727722,0.9904618859291077,0.9911784529685974,0.9910606741905212,0.0,0.9910606741905212
2019-05-23,0.9991008043289185,0.9958076477050781,0.9970089793205261,0.9971083998680115,0.0,0.9971083998680115
2019-05-26,0.9987016916275024,0.9940357208251953,0.9980736970901489,0.9982330799102783,0.0,0.9982330799102783
2019-05-27,0.9966115355491638,0.9911293983459473,0.9960854053497314,0.9960655570030212,0.0,0.9960655570030212
2019-05-28,0.9951239228248596,0.9918863773345947,0.9930486679077148,0.9931176900863647,0.0,0.9931176900863647
2019-05-29,0.9931473135948181,0.9903736114501953,0.9917585253715515,0.9917683601379395,0.0,0.9917683601379395
2019-05-30,0.9972078204154968,0.993107795715332,0.9931176900863647,0.9931473135948181,0.0,0.9931473135948181
2019-06-02,1.004722237586975,1.0000900030136108,1.0003401041030884,1.0004701614379883,0.0,1.0004701614379883
2019-06-03,1.0099989175796509,1.0046414136886597,1.007556676864624,1.0077598094940186,0.0,1.0077598094940186
2019-06-04,1.0146619081497192,1.0072218179702759,1.0077699422836304,1.0075870752334595,0.0,1.0075870752334595
2019-06-05,1.012145757675171,1.004379153251648,1.0057427883148193,1.006137490272522,0.0,1.006137490272522
2019-06-06,1.0143016576766968,1.005136251449585,1.0087051391601562,1.0089799165725708,0.0,1.0089799165725708
2019-06-09,1.0110201835632324,1.008176326751709,1.0102030038833618,1.0102030038833618,0.0,1.0102030038833618
2019-06-10,1.0110201835632324,1.00651216506958,1.0108566284179688,1.011224627494812,0.0,1.011224627494812
2019-06-11,1.0096930265426636,1.0048332214355469,1.007678508758545,1.0080645084381104,0.0,1.0080645084381104
2019-06-12,1.0082677602767944,1.0042580366134644,1.0051261186599731,1.0053281784057617,0.0,1.0053281784057617
2019-06-13,1.007556676864624,1.0006003379821777,1.00640070438385,1.0065425634384155,0.0,1.0065425634384155
2019-06-16,1.0030492544174194,1.0002200603485107,1.0011813640594482,1.0012015104293823,0.0,1.0012015104293823
2019-06-17,1.003612995147705,0.9988712668418884,1.0016026496887207,1.0013518333435059,0.0,1.0013518333435059
2019-06-18,1.0050655603408813,0.9986019730567932,0.999300479888916,0.9993104934692383,0.0,0.9993104934692383
2019-06-19,1.0188902616500854,1.007353663444519,1.007353663444519,1.007353663444519,0.0,1.007353663444519
2019-06-20,1.021669626235962,1.0164563655853271,1.0192224979400635,1.0193160772323608,0.0,1.0193160772323608
2019-06-23,1.029908537864685,1.0222649574279785,1.0249576568603516,1.0252203941345215,0.0,1.0252203941345215
2019-06-24,1.0316296815872192,1.0231225490570068,1.028658390045166,1.0290182828903198,0.0,1.0290182828903198
2019-06-25,1.0263779163360596,1.0221081972122192,1.0257987976074219,1.0258303880691528,0.0,1.0258303880691528
2019-06-26,1.0243277549743652,1.0189733505249023,1.0230597257614136,1.0231330394744873,0.0,1.0231330394744873
2019-06-27,1.0270209312438965,1.0237195491790771,1.0239187479019165,1.023908257484436,0.0,1.023908257484436
2019-06-30,1.021763563156128,1.0132533311843872,1.0209290981292725,1.0210332870483398,0.0,1.0210332870483398
2019-07-01,1.0144869089126587,1.0113166570663452,1.0128223896026611,1.0131711959838867,0.0,1.0131711959838867
2019-07-02,1.0168802738189697,1.0129865407943726,1.014857530593872,1.0150223970413208,0.0,1.0150223970413208
2019-07-03,1.0157440900802612,1.0132430791854858,1.0145692825317383,1.0146104097366333,0.0,1.0146104097366333
2019-07-04,1.0157440900802612,1.0070189237594604,1.0157440900802612,1.0155171155929565,0.0,1.0155171155929565
2019-07-07,1.0105092525482178,1.005500078201294,1.0088781118392944,1.0088781118392944,0.0,1.0088781118392944
2019-07-08,1.007962942123413,1.0050958395004272,1.005843997001648,1.005945086479187,0.0,1.005945086479187
2019-07-09,1.0115314722061157,1.0059653520584106,1.0066438913345337,1.0064513683319092,0.0,1.0064513683319092
2019-07-10,1.0156408548355103,1.0109179019927979,1.0120433568954468,1.012248158454895,0.0,1.012248158454895
2019-07-11,1.016642451286316,1.0093872547149658,1.0094891786575317,1.0095911026000977,0.0,1.0095911026000977
2019-07-14,1.0187034606933594,1.0148266553878784,1.0158988237380981,1.0162601470947266,0.0,1.0162601470947266
2019-07-15,1.0167871713638306,1.0109076499938965,1.0158782005310059,1.0161569118499756,0.0,1.0161569118499756
2019-07-16,1.0134073495864868,1.0093669891357422,1.0123506784439087,1.0121560096740723,0.0,1.0121560096740723
2019-07-17,1.0157233476638794,1.0110814571380615,1.0133765935897827,1.0135819911956787,0.0,1.0135819911956787
2019-07-18,1.0194718837738037,1.0155583620071411,1.0176252126693726,1.0176666975021362,0.0,1.0176666975021362
2019-07-21,1.0200958251953125,1.0163633823394775,1.0176045894622803,1.0174596309661865,0.0,1.0174596309661865
2019-07-22,1.0182262659072876,1.0150429010391235,1.0176563262939453,1.0179153680801392,0.0,1.0179153680801392
2019-07-23,1.0165081024169922,1.0128121376037598,1.0149707794189453,1.0148369073867798,0.0,1.0148369073867798
2019-07-24,1.0159504413604736,1.0099684000015259,1.0155996084213257,1.0155583620071411,0.0,1.0155583620071411
2019-07-25,1.0103051662445068,1.006076693534851,1.0090817213058472,1.0091021060943604,0.0,1.0091021060943604
2019-07-28,1.0092854499816895,1.0067249536514282,1.00684654712677,1.0067452192306519,0.0,1.0067452192306519
2019-07-29,1.0111223459243774,1.0079222917556763,1.0086746215820312,1.008471131324768,0.0,1.008471131324768
2019-07-30,1.0109179019927979,1.0087865591049194,1.010151982307434,1.0104072093963623,0.0,1.0104072093963623
2019-07-31,1.0065932273864746,1.002697229385376,1.0059754848480225,1.0062386989593506,0.0,1.0062386989593506
2019-08-01,1.018433690071106,1.0099276304244995,1.01032555103302,1.0100295543670654,0.0,1.0100295543670654
2019-08-04,1.0288171768188477,1.0177081823349,1.01781165599823,1.01781165599823,0.0,1.01781165599823
2019-08-05,1.0306090116500854,1.0213252305984497,1.0302162170410156,1.0302693843841553,0.0,1.0302693843841553
2019-08-06,1.0304179191589355,1.0208561420440674,1.0248421430587769,1.0248737335205078,0.0,1.0248737335205078
2019-08-07,1.027010440826416,1.0220977067947388,1.025683045387268,1.0259567499160767,0.0,1.0259567499160767
2019-08-08,1.0296540260314941,1.025262475013733,1.0267994403839111,1.0267678499221802,0.0,1.0267678499221802
2019-08-11,1.0329511165618896,1.0252729654312134,1.0295480489730835,1.0294208526611328,0.0,1.0294208526611328
2019-08-12,1.0351860523223877,1.0240445137023926,1.0317362546920776,1.0317468643188477,0.0,1.0317468643188477
2019-08-13,1.0303436517715454,1.023740530014038,1.0245691537857056,1.024800181388855,0.0,1.024800181388855
2019-08-14,1.028499722480774,1.0229970216751099,1.0273057222366333,1.0272635221481323,0.0,1.0272635221481323
2019-08-15,1.024275302886963,1.019513487815857,1.0242018699645996,1.024275302886963,0.0,1.024275302886963
2019-08-18,1.0233005285263062,1.018298864364624,1.0214505195617676,1.0211374759674072,0.0,1.0211374759674072
2019-08-19,1.021972417831421,1.0188175439834595,1.019097924232483,1.0191082954406738,0.0,1.0191082954406738
2019-08-20,1.022704005241394,1.018682599067688,1.022494912147522,1.022704005241394,0.0,1.022704005241394
2019-08-21,1.0189110040664673,1.0158369541168213,1.0182158946990967,1.018433690071106,0.0,1.018433690071106
2019-08-22,1.0262726545333862,1.0124531984329224,1.01658034324646,1.0166114568710327,0.0,1.0166114568710327
2019-08-25,1.0277702808380127,1.019295334815979,1.0277702808380127,1.0279076099395752,0.0,1.0279076099395752
2019-08-26,1.0231225490570068,1.0166940689086914,1.021283507347107,1.021346092224121,0.0,1.021346092224121
2019-08-27,1.0202000141143799,1.0175423622131348,1.0193055868148804,1.0194718837738037,0.0,1.0194718837738037
2019-08-28,1.0206164121627808,1.014548659324646,1.0187968015670776,1.019025206565857,0.0,1.019025206565857
2019-08-29,1.0143427848815918,1.0098358392715454,1.014188528060913,1.014404535293579,0.0,1.014404535293579
2019-09-01,1.0111223459243774,1.008176326751709,1.0108157396316528,1.0108157396316528,0.0,1.0108157396316528
2019-09-02,1.0138388872146606,1.0072522163391113,1.0094891786575317,1.0097644329071045,0.0,1.0097644329071045
2019-09-03,1.0196694135665894,1.01192045211792,1.013314962387085,1.013345718383789,0.0,1.013345718383789
2019-09-04,1.0198878049850464,1.0129865407943726,1.0194823741912842,1.0195342302322388,0.0,1.0195342302322388
2019-09-05,1.0145074129104614,1.0085119009017944,1.0141987800598145,1.0139622688293457,0.0,1.0139622688293457
2019-09-08,1.0120433568954468,1.008654236793518,1.0118283033370972,1.012145757675171,0.0,1.012145757675171
2019-09-09,1.011152982711792,1.0069783926010132,1.0077699422836304,1.007668375968933,0.0,1.007668375968933
2019-09-10,1.0088781118392944,1.005763053894043,1.008410096168518,1.008471131324768,0.0,1.008471131324768
2019-09-11,1.011838436126709,1.005682110786438,1.006410837173462,1.0063196420669556,0.0,1.0063196420669556
2019-09-12,1.0149192810058594,1.0096726417541504,1.0096726417541504,1.009529948234558,0.0,1.009529948234558
2019-09-15,1.013890266418457,1.0062083005905151,1.0133970975875854,1.013314962387085,0.0,1.013314962387085
2019-09-16,1.0089391469955444,1.0033612251281738,1.0071102380752563,1.00713050365448,0.0,1.00713050365448
2019-09-17,1.007556676864624,1.0037741661071777,1.0074145793914795,1.0075160264968872,0.0,1.0075160264968872
2019-09-18,1.010223388671875,1.0017530918121338,1.0029284954071045,1.0032103061676025,0.0,1.0032103061676025
2019-09-19,1.0111223459243774,1.00662362575531,1.007211685180664,1.0073131322860718,0.0,1.0073131322860718
2019-09-22,1.0111223459243774,1.0079222917556763,1.0087764263153076,1.0087051391601562,0.0,1.0087051391601562
2019-09-23,1.0132739543914795,1.0086643695831299,1.0103868246078491,1.010284662246704,0.0,1.010284662246704
2019-09-24,1.0150223970413208,1.0091530084609985,1.0141165256500244,1.0143016576766968,0.0,1.0143016576766968
2019-09-25,1.0096930265426636,1.0053685903549194,1.0089391469955444,1.00922429561615,0.0,1.00922429561615
2019-09-26,1.0100398063659668,1.0052473545074463,1.0068566799163818,1.006653904914856,0.0,1.006653904914856
2019-09-29,1.0094891786575317,1.0020743608474731,1.0090715885162354,1.009183645248413,0.0,1.009183645248413
2019-09-30,1.007049322128296,0.998382568359375,1.0024057626724243,1.0024057626724243,0.0,1.0024057626724243
2019-10-01,1.0080645084381104,0.9978147745132446,1.0074348449707031,1.0073739290237427,0.0,1.0073739290237427
2019-10-02,1.0047423839569092,0.9973868727684021,1.0032404661178589,1.0032806396484375,0.0,1.0032806396484375
2019-10-03,1.0070899724960327,0.9992805123329163,1.0018032789230347,1.0018534660339355,0.0,1.0018534660339355
2019-10-06,1.0073943138122559,1.0037641525268555,1.0063399076461792,1.0060462951660156,0.0,1.0060462951660156
2019-10-07,1.0096930265426636,1.0042177438735962,1.0052170753479004,1.00526762008667,0.0,1.00526762008667
2019-10-08,1.0085728168487549,1.0045607089996338,1.0075769424438477,1.0074551105499268,0.0,1.0074551105499268
2019-10-09,1.0087764263153076,1.0028681755065918,1.00713050365448,1.0071710348129272,0.0,1.0071710348129272
2019-10-10,1.004520297050476,1.0010210275650024,1.0039454698562622,1.00388503074646,0.0,1.00388503074646
2019-10-13,1.0056719779968262,1.001994013786316,1.00210440158844,1.0022048950195312,0.0,1.0022048950195312
2019-10-14,1.0039153099060059,1.0004903078079224,1.0023857355117798,1.0023857355117798,0.0,1.0023857355117798
2019-10-15,1.0042378902435303,1.0011212825775146,1.0016026496887207,1.0014821290969849,0.0,1.0014821290969849
2019-10-16,1.0133354663848877,1.0055203437805176,1.0057326555252075,1.0058135986328125,0.0,1.0058135986328125
2019-10-17,1.0155377388000488,1.0109996795654297,1.012719750404358,1.0128633975982666,0.0,1.0128633975982666
2019-10-20,1.0161775350570679,1.0126582384109497,1.0153623819351196,1.015321135520935,0.0,1.015321135520935
2019-10-21,1.0143325328826904,1.011050820350647,1.0143221616744995,1.0142810344696045,0.0,1.0142810344696045
2019-10-22,1.0115314722061157,1.0091530084609985,1.0108872652053833,1.010774850845337,0.0,1.010774850845337
2019-10-23,1.011050820350647,1.0072623491287231,1.0096930265426636,1.0099989175796509,0.0,1.0099989175796509
2019-10-24,1.0093872547149658,1.0054091215133667,1.0077699422836304,1.00770902633667,0.0,1.00770902633667
2019-10-28,1.0058338642120361,1.0031700134277344,1.0056315660476685,1.0058338642120361,0.0,1.0058338642120361
2019-10-29,1.00684654712677,1.0035525560379028,1.0051665306091309,1.00526762008667,0.0,1.00526762008667
2019-10-30,1.0095911026000977,1.005581021308899,1.0058237314224243,1.0059148073196411,0.0,1.0059148073196411
2019-10-31,1.0141061544418335,1.0111734867095947,1.011183738708496,1.011009931564331,0.0,1.011009931564331
2019-11-01,1.0149192810058594,1.0109792947769165,1.0137361288070679,1.013777256011963,0.0,1.013777256011963
2019-11-04,1.0151253938674927,1.0113575458526611,1.0146104097366333,1.014363408088684,0.0,1.014363408088684
2019-11-05,1.0123506784439087,1.00662362575531,1.0117872953414917,1.0118486881256104,0.0,1.0118486881256104
2019-11-06,1.0085728168487549,1.0061070919036865,1.0075058937072754,1.0076582431793213,0.0,1.0076582431793213
2019-11-07,1.0089799165725708,1.0043690204620361,1.0076582431793213,1.0075870752334595,0.0,1.0075870752334595
2019-11-08,1.0059350728988647,1.0027776956558228,1.0053281784057617,1.0054292678833008,0.0,1.0054292678833008
2019-11-11,1.0069479942321777,1.002466082572937,1.0028581619262695,1.0028380155563354,0.0,1.0028380155563354
2019-11-12,1.0074551105499268,1.003544569015503,1.0069986581802368,1.007039189338684,0.0,1.007039189338684
2019-11-13,1.0110201835632324,1.0071913003921509,1.0073131322860718,1.0073943138122559,0.0,1.0073943138122559
2019-11-14,1.013222575187683,1.0093567371368408,1.010396957397461,1.0104378461837769,0.0,1.0104378461837769
2019-11-15,1.011838436126709,1.0091326236724854,1.0115314722061157,1.0113575458526611,0.0,1.0113575458526611
2019-11-18,1.0133765935897827,1.008745789527893,1.011050820350647,1.0111366510391235,0.0,1.0111366510391235
2019-11-19,1.011321783065796,1.0082881450653076,1.0108157396316528,1.0110201835632324,0.0,1.0110201835632324
2019-11-20,1.0104072093963623,1.0066337585449219,1.0096930265426636,1.0097848176956177,0.0,1.0097848176956177
2019-11-21,1.011224627494812,1.0075465440750122,1.009795069694519,1.0097134113311768,0.0,1.0097134113311768
2019-11-22,1.007353663444519,1.0030392408370972,1.0072826147079468,1.007353663444519,0.0,1.007353663444519
2019-11-25,1.0037540197372437,1.0014922618865967,1.0024057626724243,1.0024057626724243,0.0,1.0024057626724243
2019-11-26,1.0039153099060059,1.0014722347259521,1.0035122632980347,1.0032706260681152,0.0,1.0032706260681152
2019-11-27,1.0027072429656982,1.0000300407409668,1.0024057626724243,1.0024157762527466,0.0,1.0024157762527466
2019-11-28,1.0020040273666382,1.000420093536377,1.001452088356018,1.0015323162078857,0.0,1.0015323162078857
2019-11-29,1.00210440158844,0.9978446960449219,1.0015524625778198,1.0016427040100098,0.0,1.0016427040100098
2019-12-02,1.0087865591049194,0.999190628528595,0.9999599456787109,0.9998899698257446,0.0,0.9998899698257446
2019-12-03,1.0144147872924805,1.0075160264968872,1.0087051391601562,1.0086441040039062,0.0,1.0086441040039062
2019-12-04,1.0147134065628052,1.0101724863052368,1.0127812623977661,1.0132739543914795,0.0,1.0132739543914795
2019-12-05,1.0132739543914795,1.010631799697876,1.0120023488998413,1.0118896961212158,0.0,1.0118896961212158
2019-12-06,1.013890266418457,1.0083390474319458,1.0128531455993652,1.0131711959838867,0.0,1.0131711959838867
2019-12-09,1.0126582384109497,1.009061336517334,1.0096726417541504,1.0096114873886108,0.0,1.0096114873886108
2019-12-10,1.0155377388000488,1.0119614601135254,1.0122994184494019,1.0123916864395142,0.0,1.0123916864395142
2019-12-11,1.0163633823394775,1.013900637626648,1.0158265829086304,1.0157749652862549,0.0,1.0157749652862549
2019-12-12,1.019575834274292,1.0126889944076538,1.0178014039993286,1.0179153680801392,0.0,1.0179153680801392
2019-12-13,1.0188175439834595,1.0140239000320435,1.01518714427948,1.0152387619018555,0.0,1.0152387619018555
2019-12-16,1.0185374021530151,1.015713095664978,1.0163841247558594,1.0163015127182007,0.0,1.0163015127182007
2019-12-17,1.0209290981292725,1.0159298181533813,1.0171490907669067,1.0170871019363403,0.0,1.0170871019363403
2019-12-18,1.0211374759674072,1.0182781219482422,1.0204811096191406,1.0207206010818481,0.0,1.0207206010818481
2019-12-19,1.0229133367538452,1.0191913843154907,1.0203040838241577,1.0203977823257446,0.0,1.0203977823257446
2019-12-20,1.022599458694458,1.0174492597579956,1.0221604108810425,1.02228581905365,0.0,1.02228581905365
2019-12-23,1.0204758644104004,1.0176045894622803,1.0180397033691406,1.0180397033691406,0.0,1.0180397033691406
2019-12-24,1.020512342453003,1.0172215700149536,1.0189110040664673,1.0188798904418945,0.0,1.0188798904418945
2019-12-25,1.0206164121627808,1.0173975229263306,1.0200958251953125,1.0200958251953125,0.0,1.0200958251953125
2019-12-26,1.0209290981292725,1.018547773361206,1.0209290981292725,1.0210332870483398,0.0,1.0210332870483398
2019-12-27,1.0269049406051636,1.0188175439834595,1.0189006328582764,1.0188798904418945,0.0,1.0188798904418945
2019-12-30,1.0335917472839355,1.0266940593719482,1.026915431022644,1.026999831199646,0.0,1.026999831199646
2019-12-31,1.036806583404541,1.0312680006027222,1.0323752164840698,1.0323859453201294,0.0,1.0323859453201294
2020-01-01,1.0346611738204956,1.0317788124084473,1.0338054895401,1.0339123010635376,0.0,1.0339123010635376
2020-01-02,1.0335917472839355,1.028499722480774,1.0333994626998901,1.0335917472839355,0.0,1.0335917472839355
2020-01-03,1.0322154760360718,1.0263357162475586,1.029473900794983,1.0296540260314941,0.0,1.0296540260314941
2020-01-06,1.0328444242477417,1.0292619466781616,1.0293148756027222,1.0293573141098022,0.0,1.0293573141098022
2020-01-07,1.0327378511428833,1.0279500484466553,1.032535195350647,1.0325244665145874,0.0,1.0325244665145874
2020-01-08,1.0346611738204956,1.0275169610977173,1.032268762588501,1.0321727991104126,0.0,1.0321727991104126
2020-01-09,1.0297601222991943,1.025998830795288,1.0275485515594482,1.0275379419326782,0.0,1.0275379419326782
2020-01-10,1.028489112854004,1.0244327783584595,1.0274535417556763,1.0276224613189697,0.0,1.0276224613189697
2020-01-13,1.0314594507217407,1.0271475315093994,1.0276013612747192,1.0276013612747192,0.0,1.0276013612747192
2020-01-14,1.0343401432037354,1.029590368270874,1.0299721956253052,1.0301843881607056,0.0,1.0301843881607056
2020-01-15,1.0383137464523315,1.0330791473388672,1.0339123010635376,1.0340512990951538,0.0,1.0340512990951538
2020-01-16,1.0403120517730713,1.036172866821289,1.037581205368042,1.0376672744750977,0.0,1.0376672744750977
2020-01-17,1.0371291637420654,1.031395673751831,1.0363337993621826,1.0363982915878296,0.0,1.0363982915878296
2020-01-20,1.033698558807373,1.0311616659164429,1.0329084396362305,1.0328338146209717,0.0,1.0328338146209717
2020-01-21,1.0351324081420898,1.032151460647583,1.0327484607696533,1.032652497291565,0.0,1.032652497291565
2020-01-22,1.0323646068572998,1.0281718969345093,1.0321195125579834,1.0322047472000122,0.0,1.0322047472000122
2020-01-23,1.0342544317245483,1.0310447216033936,1.0339123010635376,1.033698558807373,0.0,1.033698558807373
2020-01-24,1.0317788124084473,1.0290607213974,1.031395673751831,1.0314594507217407,0.0,1.0314594507217407
2020-01-27,1.0329511165618896,1.0289759635925293,1.0308853387832642,1.030991554260254,0.0,1.030991554260254
2020-01-28,1.033484935760498,1.0266940593719482,1.0310341119766235,1.0310872793197632,0.0,1.0310872793197632
2020-01-29,1.0282776355743408,1.0239187479019165,1.0281718969345093,1.0277702808380127,0.0,1.0277702808380127
2020-01-30,1.0331004858016968,1.0275063514709473,1.0275063514709473,1.0275591611862183,0.0,1.0275591611862183
2020-01-31,1.0382922887802124,1.0296752452850342,1.0314276218414307,1.0315552949905396,0.0,1.0315552949905396
2020-02-03,1.0387451648712158,1.0345861911773682,1.0379581451416016,1.0380334854125977,0.0,1.0380334854125977
2020-02-04,1.0358400344848633,1.0305453538894653,1.0355075597763062,1.0355182886123657,0.0,1.0355182886123657
2020-02-05,1.033260703086853,1.0260093212127686,1.0315978527069092,1.031704306602478,0.0,1.031704306602478
2020-02-06,1.0278549194335938,1.0251047611236572,1.0272425413131714,1.0274324417114258,0.0,1.0274324417114258
2020-02-07,1.027010440826416,1.0225367546081543,1.0262726545333862,1.0261672735214233,0.0,1.0261672735214233
2020-02-10,1.024275302886963,1.0221813917160034,1.0238349437713623,1.0238977670669556,0.0,1.0238977670669556
2020-02-11,1.0249052047729492,1.0216904878616333,1.0232272148132324,1.0234366655349731,0.0,1.0234366655349731
2020-02-12,1.0265886783599854,1.0233843326568604,1.0249052047729492,1.0250102281570435,0.0,1.0250102281570435
2020-02-13,1.0245901346206665,1.0210750102996826,1.0229865312576294,1.0229551792144775,0.0,1.0229551792144775
2020-02-14,1.021763563156128,1.0182158946990967,1.0214817523956299,1.021575689315796,0.0,1.021575689315796
2020-02-17,1.0194718837738037,1.0176459550857544,1.0186203718185425,1.0186514854431152,0.0,1.0186514854431152
2020-02-18,1.0209290981292725,1.0163841247558594,1.0196694135665894,1.0199917554855347,0.0,1.0199917554855347
2020-02-19,1.0180189609527588,1.0159090757369995,1.0169939994812012,1.0173975229263306,0.0,1.0173975229263306
2020-02-20,1.0190563201904297,1.0155067443847656,1.016528844833374,1.0167768001556396,0.0,1.0167768001556396
2020-02-21,1.0234471559524536,1.0162705183029175,1.0165081024169922,1.0165081024169922,0.0,1.0165081024169922
2020-02-24,1.024065613746643,1.019025206565857,1.0214817523956299,1.0216174125671387,0.0,1.0216174125671387
2020-02-25,1.0256409645080566,1.0200438499450684,1.0206581354141235,1.0206372737884521,0.0,1.0206372737884521
2020-02-26,1.0277491807937622,1.0227981805801392,1.0244642496109009,1.0246951580047607,0.0,1.0246951580047607
2020-02-27,1.0335276126861572,1.0241808891296387,1.0241808891296387,1.0241808891296387,0.0,1.0241808891296387
2020-02-28,1.0406043529510498,1.0314594507217407,1.0320981740951538,1.0322580337524414,0.0,1.0322580337524414
2020-03-02,1.0476139783859253,1.035872220993042,1.0372798442840576,1.0373659133911133,0.0,1.0373659133911133
2020-03-03,1.0503098964691162,1.0421009063720703,1.0435471534729004,1.0437324047088623,0.0,1.0437324047088623
2020-03-04,1.0489766597747803,1.0421334505081177,1.0462549924850464,1.0464081764221191,0.0,1.0464081764221191
2020-03-05,1.0544073581695557,1.0449320077896118,1.0456204414367676,1.045369029045105,0.0,1.045369029045105
2020-03-06,1.0730994939804077,1.056557536125183,1.0573171377182007,1.057305932044983,0.0,1.057305932044983
2020-03-09,1.0890636444091797,1.0734566450119019,1.078143835067749,1.0782252550125122,0.0,1.0782252550125122
2020-03-10,1.079086184501648,1.0669056177139282,1.0767971277236938,1.077168345451355,0.0,1.077168345451355
2020-03-11,1.0723860263824463,1.0643279552459717,1.067338466644287,1.067452311515808,0.0,1.067452311515808
2020-03-12,1.072650671005249,1.0485477447509766,1.0648720264434814,1.0650194883346558,0.0,1.0650194883346558
2020-03-13,1.0613232851028442,1.0467586517333984,1.0589854717254639,1.0585931539535522,0.0,1.0585931539535522
2020-03-16,1.064736008644104,1.0501333475112915,1.0568478107452393,1.056747317314148,0.0,1.056747317314148
2020-03-17,1.0557432174682617,1.0369571447372437,1.0554312467575073,1.055375576019287,0.0,1.055375576019287
2020-03-18,1.0453252792358398,1.026989221572876,1.0420900583267212,1.0420465469360352,0.0,1.0420465469360352
2020-03-19,1.03616201877594,1.0156512260437012,1.0328764915466309,1.0345220565795898,0.0,1.0345220565795898
2020-03-20,1.0261040925979614,1.0115007162094116,1.011582612991333,1.0114086866378784,0.0,1.0114086866378784
2020-03-23,1.0213148593902588,1.0117053985595703,1.0145795345306396,1.0151562690734863,0.0,1.0151562690734863
2020-03-24,1.0288594961166382,1.0172008275985718,1.0186203718185425,1.0186411142349243,0.0,1.0186411142349243
2020-03-25,1.022390365600586,1.0175734758377075,1.0202832221984863,1.0204393863677979,0.0,1.0204393863677979
2020-03-26,1.0370001792907715,1.0234891176223755,1.0241913795471191,1.0243382453918457,0.0,1.0243382453918457
2020-03-27,1.0461235046386719,1.0358507633209229,1.039717197418213,1.0398684740066528,0.0,1.0398684740066528
2020-03-29,1.051856517791748,1.0406910181045532,1.051856517791748,1.0521111488342285,0.0,1.0521111488342285
2020-03-30,1.0424919128417969,1.0327057838439941,1.041677474975586,1.0416667461395264,0.0,1.0416667461395264
2020-03-31,1.0414496660232544,1.0323113203048706,1.0401389598846436,1.040030837059021,0.0,1.040030837059021
2020-04-01,1.0354111194610596,1.0275485515594482,1.0346719026565552,1.0349931716918945,0.0,1.0349931716918945
2020-04-02,1.0277597904205322,1.0210436582565308,1.0261040925979614,1.026462197303772,0.0,1.026462197303772
2020-04-05,1.0245901346206665,1.0207726955413818,1.0233843326568604,1.0233319997787476,0.0,1.0233319997787476
2020-04-06,1.031831979751587,1.021826148033142,1.0225262641906738,1.0225367546081543,0.0,1.0225367546081543
2020-04-07,1.032140851020813,1.0266202688217163,1.031725525856018,1.0317894220352173,0.0,1.0317894220352173
2020-04-08,1.0361405611038208,1.0275274515151978,1.0290077924728394,1.0289971828460693,0.0,1.0289971828460693
2020-04-09,1.0369141101837158,1.0335917472839355,1.0343079566955566,1.0342758893966675,0.0,1.0342758893966675
2020-04-12,1.0385295152664185,1.032417893409729,1.0355182886123657,1.0353682041168213,0.0,1.0353682041168213
2020-04-13,1.042209506034851,1.034382939338684,1.034382939338684,1.0347682237625122,0.0,1.0347682237625122
2020-04-14,1.041938066482544,1.0309277772903442,1.0414713621139526,1.0417535305023193,0.0,1.0417535305023193
2020-04-15,1.0364090204238892,1.0304391384124756,1.0359796285629272,1.03616201877594,0.0,1.03616201877594
2020-04-16,1.0355290174484253,1.0284150838851929,1.032002329826355,1.0317788124084473,0.0,1.0317788124084473
2020-04-19,1.0357327461242676,1.0310447216033936,1.033271312713623,1.0332393646240234,0.0,1.0332393646240234
2020-04-20,1.0340512990951538,1.0281612873077393,1.0329618453979492,1.033164620399475,0.0,1.033164620399475
2020-04-21,1.034083366394043,1.029155969619751,1.0313531160354614,1.031172275543213,0.0,1.031172275543213
2020-04-22,1.0302904844284058,1.023604393005371,1.0278866291046143,1.0280661582946777,0.0,1.0280661582946777
2020-04-23,1.0279711484909058,1.0202728509902954,1.0243487358093262,1.0242438316345215,0.0,1.0242438316345215
2020-04-26,1.0295480489730835,1.023929238319397,1.0271581411361694,1.0272213220596313,0.0,1.0272213220596313
2020-04-27,1.0288065671920776,1.0205955505371094,1.0246531963348389,1.024768590927124,0.0,1.024768590927124
2020-04-28,1.0296964645385742,1.0255569219589233,1.0269049406051636,1.026968240737915,0.0,1.026968240737915
2020-04-29,1.0374735593795776,1.024758219718933,1.0269049406051636,1.0267994403839111,0.0,1.0267994403839111
2020-04-30,1.0428180694580078,1.0342330932617188,1.0345433950424194,1.0346932411193848,0.0,1.0346932411193848
2020-05-03,1.0388531684875488,1.0349609851837158,1.0387344360351562,1.0389610528945923,0.0,1.0389610528945923
2020-05-04,1.0369141101837158,1.0276752710342407,1.0356041193008423,1.0358400344848633,0.0,1.0358400344848633
2020-05-05,1.0288065671920776,1.024779200553894,1.0282459259033203,1.0281718969345093,0.0,1.0281718969345093
2020-05-06,1.026999831199646,1.022390365600586,1.0253885984420776,1.025430679321289,0.0,1.025430679321289
2020-05-07,1.0327911376953125,1.0275907516479492,1.0279076099395752,1.0278021097183228,0.0,1.0278021097183228
2020-05-10,1.0311404466629028,1.0271053314208984,1.029945731163025,1.0299488306045532,0.0,1.0299488306045532
2020-05-11,1.0343401432037354,1.025714635848999,1.0279203653335571,1.0278654098510742,0.0,1.0278654098510742
2020-05-12,1.0344364643096924,1.029579758644104,1.0313531160354614,1.0311191082000732,0.0,1.0311191082000732
2020-05-13,1.0296540260314941,1.0251679420471191,1.0288701057434082,1.0290182828903198,0.0,1.0290182828903198
2020-05-14,1.0309809446334839,1.0263147354125977,1.0274957418441772,1.0276435613632202,0.0,1.0276435613632202
2020-05-17,1.0331859588623047,1.0277386903762817,1.0288701057434082,1.0289018154144287,0.0,1.0289018154144287
2020-05-18,1.0312467813491821,1.0280133485794067,1.0290924310684204,1.0290924310684204,0.0,1.0290924310684204
2020-05-19,1.0375596284866333,1.0297706127166748,1.0297812223434448,1.0296964645385742,0.0,1.0296964645385742
2020-05-20,1.0364842414855957,1.0299721956253052,1.0363446474075317,1.036591649055481,0.0,1.036591649055481
2020-05-21,1.0310341119766235,1.0275379419326782,1.0303436517715454,1.0302056074142456,0.0,1.0302056074142456
2020-05-24,1.0304816961288452,1.0272425413131714,1.0296646356582642,1.029632806777954,0.0,1.029632806777954
2020-05-25,1.0359902381896973,1.0290924310684204,1.0294843912124634,1.0293785333633423,0.0,1.0293785333633423
2020-05-26,1.035947322845459,1.0284045934677124,1.0357863903045654,1.035896897315979,0.0,1.035896897315979
2020-05-27,1.0373444557189941,1.0292831659317017,1.03292977809906,1.033025860786438,0.0,1.033025860786438
2020-05-28,1.0414496660232544,1.03638756275177,1.0371291637420654,1.0373444557189941,0.0,1.0373444557189941
2020-05-31,1.043819546699524,1.0390366315841675,1.0406477451324463,1.04099440574646,0.0,1.04099440574646
2020-06-01,1.0446046590805054,1.0379472970962524,1.0404528379440308,1.040474534034729,0.0,1.040474534034729
2020-06-02,1.0410159826278687,1.0365809202194214,1.039879322052002,1.0399225950241089,0.0,1.0399225950241089
2020-06-03,1.0461454391479492,1.039371371269226,1.0401498079299927,1.0401930809020996,0.0,1.0401930809020996
2020-06-04,1.0481081008911133,1.0363446474075317,1.04666006565094,1.0464520454406738,0.0,1.0464520454406738
2020-06-07,1.0463534593582153,1.0374627113342285,1.0399442911148071,1.0405826568603516,0.0,1.0405826568603516
2020-06-08,1.0546298027038574,1.0433404445648193,1.0441901683807373,1.04436457157135,0.0,1.04436457157135
2020-06-09,1.0590864419937134,1.0510605573654175,1.051436185836792,1.051414132118225,0.0,1.051414132118225
2020-06-10,1.0660980939865112,1.0571383237838745,1.0596587657928467,1.0596251487731934,0.0,1.0596251487731934
2020-06-11,1.05988347530365,1.0503098964691162,1.0593219995498657,1.0591648817062378,0.0,1.0591648817062378
2020-06-14,1.0548522472381592,1.0476031303405762,1.051171064376831,1.0510494709014893,0.0,1.0510494709014893
2020-06-15,1.056859016418457,1.0505194664001465,1.0536631345748901,1.053851842880249,0.0,1.053851842880249
2020-06-16,1.0547633171081543,1.049538254737854,1.051414132118225,1.05138099193573,0.0,1.05138099193573
2020-06-17,1.0547411441802979,1.0499018430709839,1.0539740324020386,1.054062843322754,0.0,1.054062843322754
2020-06-18,1.053829550743103,1.0494720935821533,1.0505746603012085,1.0507513284683228,0.0,1.0507513284683228
2020-06-21,1.0564905405044556,1.0500340461730957,1.0503098964691162,1.0501995086669922,0.0,1.0501995086669922
2020-06-22,1.0613908767700195,1.0537407398223877,1.0564124584197998,1.0561223030090332,0.0,1.0561223030090332
2020-06-23,1.0601980686187744,1.0542407035827637,1.058884620666504,1.0586827993392944,0.0,1.0586827993392944
2020-06-24,1.0554089546203613,1.0520004034042358,1.054707646369934,1.0546742677688599,0.0,1.0546742677688599
2020-06-25,1.0561447143554688,1.0527645349502563,1.0544630289077759,1.0547411441802979,0.0,1.0547411441802979
2020-06-28,1.0594342947006226,1.0520224571228027,1.0549858808517456,1.055297613143921,0.0,1.055297613143921
2020-06-29,1.0568478107452393,1.049141764640808,1.0516352653503418,1.0514694452285767,0.0,1.0514694452285767
2020-06-30,1.0589854717254639,1.0534965991973877,1.0558323860168457,1.0561892986297607,0.0,1.0561892986297607
2020-07-01,1.0608503818511963,1.0566803216934204,1.0575296878814697,1.0573395490646362,0.0,1.0573395490646362
2020-07-02,1.0588732957839966,1.0560554265975952,1.0575631856918335,1.0575966835021973,0.0,1.0575966835021973
2020-07-05,1.065757155418396,1.0584362745285034,1.0584362745285034,1.058234691619873,0.0,1.058234691619873
2020-07-06,1.0630381107330322,1.05794358253479,1.0615936517715454,1.0617740154266357,0.0,1.0617740154266357
2020-07-07,1.0665756464004517,1.060333013534546,1.0609291791915894,1.0612331628799438,0.0,1.0612331628799438
2020-07-08,1.068261981010437,1.0633094310760498,1.065836787223816,1.0659844875335693,0.0,1.0659844875335693
2020-07-09,1.0654165744781494,1.060400366783142,1.063490390777588,1.0634112358093262,0.0,1.0634112358093262
2020-07-12,1.0649627447128296,1.0596925020217896,1.0633772611618042,1.0632529258728027,0.0,1.0632529258728027
2020-07-13,1.0660980939865112,1.0611430406570435,1.0618754625320435,1.061841607093811,0.0,1.061841607093811
2020-07-14,1.0673497915267944,1.0589854717254639,1.0644639730453491,1.0644639730453491,0.0,1.0644639730453491
2020-07-15,1.0606815814971924,1.056401252746582,1.0593332052230835,1.059310793876648,0.0,1.059310793876648
2020-07-16,1.065246343612671,1.057283639907837,1.0577309131622314,1.057820439338684,0.0,1.057820439338684
2020-07-19,1.067008137702942,1.0628912448883057,1.065757155418396,1.0657345056533813,0.0,1.0657345056533813
2020-07-20,1.070835828781128,1.0643506050109863,1.0655300617218018,1.0651895999908447,0.0,1.0651895999908447
2020-07-21,1.0768898725509644,1.0695072412490845,1.0726161003112793,1.0723515748977661,0.0,1.0723515748977661
2020-07-22,1.0814902782440186,1.0755348205566406,1.0755348205566406,1.0759629011154175,0.0,1.0759629011154175
2020-07-23,1.0847399234771729,1.0799485445022583,1.0807188749313354,1.0807422399520874,0.0,1.0807422399520874
2020-07-26,1.090869426727295,1.0834940671920776,1.0859532356262207,1.085894227027893,0.0,1.085894227027893
2020-07-27,1.0922634601593018,1.0837640762329102,1.0876659154891968,1.0875712633132935,0.0,1.0875712633132935
2020-07-28,1.0946906805038452,1.0886130332946777,1.0894314050674438,1.089561939239502,0.0,1.089561939239502
2020-07-29,1.0976948738098145,1.0928603410720825,1.0960825681686401,1.0959864854812622,0.0,1.0959864854812622
2020-07-30,1.1042524576187134,1.0954701900482178,1.1006791591644287,1.1007153987884521,0.0,1.1007153987884521
2020-08-02,1.094894528388977,1.082473635673523,1.0948106050491333,1.09505033493042,0.0,1.09505033493042
2020-08-03,1.0938525199890137,1.088435411453247,1.0896451473236084,1.0897995233535767,0.0,1.0897995233535767
2020-08-04,1.1049723625183105,1.0947985649108887,1.0958304405212402,1.095806360244751,0.0,1.095806360244751
2020-08-05,1.1031439304351807,1.0955421924591064,1.1012730598449707,1.1012852191925049,0.0,1.1012852191925049
2020-08-06,1.0995051860809326,1.0921800136566162,1.0991426706314087,1.0989131927490234,0.0,1.0989131927490234
2020-08-09,1.0964912176132202,1.0889331102371216,1.0957703590393066,1.0956082344055176,0.0,1.0956082344055176
2020-08-10,1.0981770753860474,1.0908575057983398,1.0922753810882568,1.0922993421554565,0.0,1.0922993421554565
2020-08-11,1.0989614725112915,1.087311029434204,1.0902271270751953,1.090274691581726,0.0,1.090274691581726
2020-08-12,1.1010669469833374,1.096767783164978,1.0969363451004028,1.096719741821289,0.0,1.096719741821289
2020-08-13,1.1007153987884521,1.096419095993042,1.0993843078613281,1.0993238687515259,0.0,1.0993238687515259
2020-08-16,1.1049845218658447,1.0993843078613281,1.100315809249878,1.1007153987884521,0.0,1.1007153987884521
2020-08-17,1.1098902225494385,1.1031074523925781,1.1031439304351807,1.1035091876983643,0.0,1.1035091876983643
2020-08-18,1.1087703704833984,1.0970566272735596,1.1076650619506836,1.1077386140823364,0.0,1.1077386140823364
2020-08-19,1.1011202335357666,1.091619610786438,1.0930036306381226,1.0932666063308716,0.0,1.0932666063308716
2020-08-20,1.1037527322769165,1.094439148902893,1.1025844812393188,1.1029006242752075,0.0,1.1029006242752075
2020-08-23,1.1019283533096313,1.0956143140792847,1.0965392589569092,1.0967316627502441,0.0,1.0967316627502441
2020-08-24,1.101539969444275,1.0959504842758179,1.0966235399246216,1.0966354608535767,0.0,1.0966354608535767
2020-08-25,1.1020498275756836,1.0965874195098877,1.1011518239974976,1.1013579368591309,0.0,1.1013579368591309
2020-08-26,1.1062558889389038,1.0962027311325073,1.1021713018417358,1.102074146270752,0.0,1.102074146270752
2020-08-27,1.108217477798462,1.098997712135315,1.0998680591583252,1.1001100540161133,0.0,1.1001100540161133
2020-08-30,1.1111111640930176,1.1049357652664185,1.1066476106643677,1.1066844463348389,0.0,1.1066844463348389
2020-08-31,1.1112345457077026,1.099045991897583,1.1063170433044434,1.1063170433044434,0.0,1.1063170433044434
2020-09-01,1.0999890565872192,1.094846487045288,1.0997470617294312,1.09966242313385,0.0,1.09966242313385
2020-09-02,1.1008366346359253,1.0940560102462769,1.0971890687942505,1.097477912902832,0.0,1.097477912902832
2020-09-03,1.1001100540161133,1.091381311416626,1.0989735126495361,1.0988527536392212,0.0,1.0988527536392212
